id,y_pred,y_pred_lower,y_pred_upper
2026-03-01 00:00,60.42,-0.45,112.57
2026-03-01 01:00,59.08,-0.5,116.12
2026-03-01 02:00,53.85,-6.89,109.91
2026-03-01 03:00,53.63,-10.41,108.42
2026-03-01 04:00,56.52,-8.87,108.07
2026-03-01 05:00,53.49,-17.79,107.51
2026-03-01 06:00,53.74,-11.94,102.4
2026-03-01 07:00,57.54,-11.32,103.78
2026-03-01 08:00,48.83,-12.41,108.42
2026-03-01 09:00,37.73,-16.61,97.88
2026-03-01 10:00,14.58,-19.39,82.81
2026-03-01 11:00,14.39,-16.65,77.81
2026-03-01 12:00,-2.39,-40.51,76.18
2026-03-01 13:00,-8.74,-45.54,78.19
2026-03-01 14:00,-7.94,-50.34,88.03
2026-03-01 15:00,22.28,-19.26,99.98
2026-03-01 16:00,38.01,-14.5,107.07
2026-03-01 17:00,60.75,0.36,124.33
2026-03-01 18:00,79.22,18.0,151.57
2026-03-01 19:00,78.42,15.7,135.85
2026-03-01 20:00,66.73,9.85,123.53
2026-03-01 21:00,72.29,10.24,125.68
2026-03-01 22:00,64.42,2.7,121.85
2026-03-01 23:00,65.19,4.08,120.76
2026-03-02 00:00,67.66,5.45,109.63
2026-03-02 01:00,65.73,1.89,108.11
2026-03-02 02:00,67.17,3.83,112.66
2026-03-02 03:00,67.02,2.57,114.42
2026-03-02 04:00,66.25,11.11,117.44
2026-03-02 05:00,65.82,7.02,118.72
2026-03-02 06:00,71.64,8.42,132.0
2026-03-02 07:00,96.29,17.67,156.35
2026-03-02 08:00,107.39,16.18,169.9
2026-03-02 09:00,84.23,9.2,148.47
2026-03-02 10:00,73.9,-0.18,128.22
2026-03-02 11:00,57.74,-1.99,111.93
2026-03-02 12:00,48.06,-7.52,107.16
2026-03-02 13:00,36.39,-13.57,100.72
2026-03-02 14:00,37.82,-13.9,95.57
2026-03-02 15:00,40.39,-21.24,102.27
2026-03-02 16:00,81.59,15.82,126.15
2026-03-02 17:00,94.63,44.61,185.18
2026-03-02 18:00,111.8,59.06,206.76
2026-03-02 19:00,118.69,70.45,219.13
2026-03-02 20:00,104.34,55.0,175.38
2026-03-02 21:00,96.35,43.83,155.04
2026-03-02 22:00,104.54,35.67,150.15
2026-03-02 23:00,102.13,27.33,144.75
2026-03-03 00:00,88.81,10.45,123.0
2026-03-03 01:00,87.28,7.75,126.3
2026-03-03 02:00,84.26,6.34,122.43
2026-03-03 03:00,86.03,7.54,120.95
2026-03-03 04:00,80.26,18.73,120.48
2026-03-03 05:00,83.61,19.74,124.15
2026-03-03 06:00,96.3,25.94,153.41
2026-03-03 07:00,122.52,54.86,175.82
2026-03-03 08:00,129.89,53.06,191.34
2026-03-03 09:00,102.4,31.81,167.31
2026-03-03 10:00,78.72,2.02,142.22
2026-03-03 11:00,26.32,-6.0,122.13
2026-03-03 12:00,27.88,-8.93,98.97
2026-03-03 13:00,17.14,-11.89,102.45
2026-03-03 14:00,3.48,-16.12,98.51
2026-03-03 15:00,51.96,-0.21,119.0
2026-03-03 16:00,79.97,33.63,143.13
2026-03-03 17:00,114.54,61.15,189.2
2026-03-03 18:00,151.83,93.32,235.06
2026-03-03 19:00,152.34,93.24,325.91
2026-03-03 20:00,115.26,81.31,185.63
2026-03-03 21:00,104.93,70.28,163.72
2026-03-03 22:00,106.85,53.39,158.58
2026-03-03 23:00,103.32,42.23,139.75
2026-03-04 00:00,90.85,25.99,126.98
2026-03-04 01:00,92.32,28.58,127.82
2026-03-04 02:00,91.1,29.09,120.28
2026-03-04 03:00,93.93,30.09,120.94
2026-03-04 04:00,90.43,39.99,121.82
2026-03-04 05:00,99.04,50.75,128.06
2026-03-04 06:00,108.75,67.42,161.67
2026-03-04 07:00,152.62,92.26,229.69
2026-03-04 08:00,157.92,87.52,203.7
2026-03-04 09:00,114.83,49.59,169.39
2026-03-04 10:00,91.48,19.01,135.22
2026-03-04 11:00,58.98,-8.08,107.54
2026-03-04 12:00,41.15,-8.02,100.35
2026-03-04 13:00,35.15,-16.77,102.17
2026-03-04 14:00,34.77,-23.07,100.46
2026-03-04 15:00,55.21,-9.82,105.68
2026-03-04 16:00,81.5,4.66,121.76
2026-03-04 17:00,114.29,65.44,180.64
2026-03-04 18:00,178.95,92.68,260.59
2026-03-04 19:00,164.46,89.45,233.1
2026-03-04 20:00,146.12,84.11,200.89
2026-03-04 21:00,127.74,79.46,162.21
2026-03-04 22:00,117.72,77.37,160.24
2026-03-04 23:00,106.17,68.53,148.06
2026-03-05 00:00,122.77,48.05,177.2
2026-03-05 01:00,111.16,43.66,145.22
2026-03-05 02:00,109.16,42.09,138.88
2026-03-05 03:00,103.16,45.33,132.57
2026-03-05 04:00,115.58,51.04,148.11
2026-03-05 05:00,106.52,65.78,139.69
2026-03-05 06:00,123.04,64.69,196.36
2026-03-05 07:00,152.83,80.24,225.44
2026-03-05 08:00,155.32,78.46,214.76
2026-03-05 09:00,129.04,34.93,190.39
2026-03-05 10:00,104.47,13.3,162.11
2026-03-05 11:00,79.25,-4.65,133.86
2026-03-05 12:00,49.96,-16.79,99.83
2026-03-05 13:00,40.49,-17.56,100.19
2026-03-05 14:00,39.58,-24.16,101.32
2026-03-05 15:00,60.52,-17.73,113.1
2026-03-05 16:00,95.08,53.91,149.37
2026-03-05 17:00,125.73,74.22,210.48
2026-03-05 18:00,141.52,82.01,270.89
2026-03-05 19:00,183.79,82.52,338.07
2026-03-05 20:00,148.57,76.48,239.44
2026-03-05 21:00,133.83,71.07,200.14
2026-03-05 22:00,128.36,49.49,194.93
2026-03-05 23:00,108.02,40.17,154.49
2026-03-06 00:00,111.22,32.98,158.35
2026-03-06 01:00,102.55,31.13,147.67
2026-03-06 02:00,96.41,20.63,142.42
2026-03-06 03:00,96.55,21.85,135.67
2026-03-06 04:00,95.22,20.96,144.43
2026-03-06 05:00,102.55,24.52,142.49
2026-03-06 06:00,123.75,40.23,189.83
2026-03-06 07:00,161.47,51.64,203.7
2026-03-06 08:00,184.46,43.12,245.28
2026-03-06 09:00,130.21,22.08,188.2
2026-03-06 10:00,87.38,-3.4,149.01
2026-03-06 11:00,55.56,-19.77,103.75
2026-03-06 12:00,35.39,-26.72,89.42
2026-03-06 13:00,26.39,-29.96,87.77
2026-03-06 14:00,33.59,-32.84,92.5
2026-03-06 15:00,49.05,-31.45,106.17
2026-03-06 16:00,77.82,-4.33,135.72
2026-03-06 17:00,110.8,31.63,191.33
2026-03-06 18:00,151.39,62.98,250.32
2026-03-06 19:00,165.37,54.83,243.97
2026-03-06 20:00,145.42,51.76,215.69
2026-03-06 21:00,136.14,39.74,193.2
2026-03-06 22:00,125.99,40.83,164.09
2026-03-06 23:00,97.6,30.95,155.66
2026-03-07 00:00,96.45,13.09,145.94
2026-03-07 01:00,96.41,20.65,139.22
2026-03-07 02:00,97.95,22.63,133.42
2026-03-07 03:00,95.03,26.71,134.76
2026-03-07 04:00,96.48,31.36,137.06
2026-03-07 05:00,100.64,37.03,138.68
2026-03-07 06:00,107.85,40.61,151.27
2026-03-07 07:00,129.78,42.64,184.8
2026-03-07 08:00,124.19,39.17,171.36
2026-03-07 09:00,97.12,9.41,171.23
2026-03-07 10:00,79.13,-6.01,133.01
2026-03-07 11:00,41.59,-21.13,113.16
2026-03-07 12:00,27.89,-24.39,87.76
2026-03-07 13:00,21.27,-34.24,86.36
2026-03-07 14:00,15.04,-44.1,89.59
2026-03-07 15:00,56.0,-26.0,105.78
2026-03-07 16:00,88.26,24.94,119.7
2026-03-07 17:00,110.16,71.74,155.14
2026-03-07 18:00,167.38,81.14,213.44
2026-03-07 19:00,160.87,78.37,226.94
2026-03-07 20:00,133.81,70.96,185.79
2026-03-07 21:00,129.78,66.32,167.95
2026-03-07 22:00,123.39,64.85,156.06
2026-03-07 23:00,116.45,50.61,155.26
2026-03-08 00:00,109.22,32.3,152.68
2026-03-08 01:00,92.97,18.0,136.62
2026-03-08 02:00,91.14,22.42,139.43
2026-03-08 03:00,93.78,17.84,132.58
2026-03-08 04:00,96.2,20.92,141.03
2026-03-08 05:00,95.08,19.92,139.59
2026-03-08 06:00,95.07,20.16,151.12
2026-03-08 07:00,108.85,21.13,163.23
2026-03-08 08:00,78.33,13.26,142.38
2026-03-08 09:00,72.49,-9.25,142.8
2026-03-08 10:00,45.07,-20.94,115.22
2026-03-08 11:00,18.98,-37.75,86.93
2026-03-08 12:00,-9.6,-45.22,77.0
2026-03-08 13:00,-31.73,-69.74,72.6
2026-03-08 14:00,-29.78,-76.84,75.09
2026-03-08 15:00,-2.47,-63.94,94.78
2026-03-08 16:00,37.06,-47.65,106.31
2026-03-08 17:00,75.21,-3.4,134.22
2026-03-08 18:00,105.28,24.62,178.65
2026-03-08 19:00,132.29,38.25,235.02
2026-03-08 20:00,118.06,33.63,174.22
2026-03-08 21:00,110.67,35.75,162.52
2026-03-08 22:00,105.96,29.59,162.1
2026-03-08 23:00,100.41,29.08,153.29
2026-03-09 00:00,104.44,42.36,154.75
2026-03-09 01:00,114.82,45.34,169.23
2026-03-09 02:00,101.35,41.46,154.46
2026-03-09 03:00,101.04,42.82,151.73
2026-03-09 04:00,95.34,36.21,153.88
2026-03-09 05:00,99.12,35.89,158.38
2026-03-09 06:00,129.65,54.57,189.42
2026-03-09 07:00,151.84,43.02,251.66
2026-03-09 08:00,152.93,28.42,224.23
2026-03-09 09:00,140.04,14.96,214.77
2026-03-09 10:00,93.66,-5.61,147.05
2026-03-09 11:00,79.03,-11.79,124.37
2026-03-09 12:00,61.07,-24.0,112.04
2026-03-09 13:00,56.21,-20.41,105.8
2026-03-09 14:00,39.59,-31.54,101.03
2026-03-09 15:00,49.53,-22.88,120.85
2026-03-09 16:00,67.73,-15.21,132.57
2026-03-09 17:00,109.96,39.44,212.06
2026-03-09 18:00,185.23,76.22,290.07
2026-03-09 19:00,199.48,84.66,307.18
2026-03-09 20:00,185.78,73.8,255.33
2026-03-09 21:00,150.14,67.5,206.85
2026-03-09 22:00,143.78,62.65,183.94
2026-03-09 23:00,136.72,55.27,173.22
2026-03-10 00:00,113.99,48.67,148.67
2026-03-10 01:00,110.73,48.49,143.27
2026-03-10 02:00,99.02,40.11,141.3
2026-03-10 03:00,105.32,37.14,144.2
2026-03-10 04:00,102.2,51.33,139.72
2026-03-10 05:00,98.39,53.58,142.44
2026-03-10 06:00,137.91,65.74,205.85
2026-03-10 07:00,246.33,96.95,346.11
2026-03-10 08:00,159.48,74.29,214.76
2026-03-10 09:00,145.44,41.87,201.93
2026-03-10 10:00,106.51,0.49,150.86
2026-03-10 11:00,69.78,-13.0,127.18
2026-03-10 12:00,54.66,-22.28,96.81
2026-03-10 13:00,49.95,-27.88,106.63
2026-03-10 14:00,47.49,-27.54,112.07
2026-03-10 15:00,53.5,-25.89,118.92
2026-03-10 16:00,77.22,-5.44,134.26
2026-03-10 17:00,141.0,66.84,217.52
2026-03-10 18:00,273.2,109.83,365.34
2026-03-10 19:00,221.22,110.59,302.27
2026-03-10 20:00,253.0,97.36,325.78
2026-03-10 21:00,148.46,88.3,195.46
2026-03-10 22:00,132.49,80.59,183.24
2026-03-10 23:00,124.78,68.93,173.05
2026-03-11 00:00,129.14,70.96,189.13
2026-03-11 01:00,124.5,64.88,167.32
2026-03-11 02:00,114.48,68.6,147.21
2026-03-11 03:00,113.13,60.24,146.31
2026-03-11 04:00,112.85,66.45,154.47
2026-03-11 05:00,113.08,65.09,158.71
2026-03-11 06:00,151.69,84.24,207.08
2026-03-11 07:00,178.78,98.32,229.44
2026-03-11 08:00,166.38,78.22,224.13
2026-03-11 09:00,147.21,65.81,202.77
2026-03-11 10:00,114.73,32.72,179.73
2026-03-11 11:00,87.74,12.89,131.82
2026-03-11 12:00,62.69,-6.81,104.83
2026-03-11 13:00,55.73,-45.41,108.14
2026-03-11 14:00,46.89,-22.71,106.49
2026-03-11 15:00,71.49,2.43,127.22
2026-03-11 16:00,82.76,34.26,150.29
2026-03-11 17:00,156.41,90.17,233.6
2026-03-11 18:00,198.44,98.6,293.2
2026-03-11 19:00,213.78,100.49,289.4
2026-03-11 20:00,164.87,94.4,242.98
2026-03-11 21:00,141.22,81.8,199.99
2026-03-11 22:00,130.64,70.98,181.38
2026-03-11 23:00,105.45,60.75,160.28
2026-03-12 00:00,85.81,22.23,137.96
2026-03-12 01:00,78.94,17.88,131.33
2026-03-12 02:00,80.06,14.22,131.07
2026-03-12 03:00,79.68,14.7,130.26
2026-03-12 04:00,80.65,14.48,131.24
2026-03-12 05:00,77.89,10.19,132.4
2026-03-12 06:00,74.12,12.17,158.03
2026-03-12 07:00,120.12,40.4,203.19
2026-03-12 08:00,120.77,31.12,214.81
2026-03-12 09:00,88.75,7.5,168.62
2026-03-12 10:00,66.7,-11.33,138.26
2026-03-12 11:00,35.0,-21.97,120.94
2026-03-12 12:00,23.5,-27.09,95.51
2026-03-12 13:00,17.89,-23.95,90.11
2026-03-12 14:00,27.5,-31.04,99.09
2026-03-12 15:00,50.36,-15.84,120.77
2026-03-12 16:00,61.21,-10.87,126.34
2026-03-12 17:00,102.17,25.07,191.65
2026-03-12 18:00,155.5,57.82,242.78
2026-03-12 19:00,154.83,59.26,247.21
2026-03-12 20:00,147.8,52.93,231.26
2026-03-12 21:00,133.78,47.31,179.74
2026-03-12 22:00,132.54,41.68,176.91
2026-03-12 23:00,114.76,37.0,162.32
2026-03-13 00:00,90.38,13.24,137.56
2026-03-13 01:00,84.97,8.16,129.92
2026-03-13 02:00,87.25,4.38,129.83
2026-03-13 03:00,84.33,-0.03,130.14
2026-03-13 04:00,83.3,2.66,132.08
2026-03-13 05:00,84.09,2.33,140.74
2026-03-13 06:00,103.66,29.64,166.69
2026-03-13 07:00,141.01,58.11,211.09
2026-03-13 08:00,149.38,45.63,208.63
2026-03-13 09:00,107.3,18.4,164.72
2026-03-13 10:00,63.51,-7.93,123.1
2026-03-13 11:00,43.75,-14.33,107.2
2026-03-13 12:00,36.41,-17.49,91.01
2026-03-13 13:00,23.52,-25.03,91.46
2026-03-13 14:00,19.09,-34.24,89.25
2026-03-13 15:00,33.44,-25.52,96.34
2026-03-13 16:00,56.81,-22.13,109.51
2026-03-13 17:00,87.32,15.4,160.43
2026-03-13 18:00,147.18,49.07,209.04
2026-03-13 19:00,158.1,51.55,237.88
2026-03-13 20:00,144.53,34.85,222.6
2026-03-13 21:00,109.15,20.95,173.1
2026-03-13 22:00,101.69,4.88,159.66
2026-03-13 23:00,92.67,1.18,149.27
2026-03-14 00:00,73.72,-1.37,139.89
2026-03-14 01:00,57.03,-6.96,116.75
2026-03-14 02:00,56.41,-5.07,118.99
2026-03-14 03:00,55.89,-8.21,105.39
2026-03-14 04:00,49.05,-8.9,108.24
2026-03-14 05:00,57.88,-9.98,113.7
2026-03-14 06:00,67.59,-14.55,129.2
2026-03-14 07:00,65.25,-18.32,139.76
2026-03-14 08:00,59.92,-16.94,126.65
2026-03-14 09:00,49.19,-22.11,117.87
2026-03-14 10:00,28.09,-32.96,101.18
2026-03-14 11:00,-0.88,-57.92,77.93
2026-03-14 12:00,-2.47,-49.09,73.74
2026-03-14 13:00,-4.95,-57.82,76.3
2026-03-14 14:00,-7.83,-74.21,78.76
2026-03-14 15:00,31.58,-51.32,101.62
2026-03-14 16:00,46.23,-38.7,114.94
2026-03-14 17:00,76.43,2.06,142.07
2026-03-14 18:00,132.34,37.0,182.86
2026-03-14 19:00,142.56,38.91,198.2
2026-03-14 20:00,130.8,34.32,176.08
2026-03-14 21:00,117.14,26.8,173.77
2026-03-14 22:00,112.27,27.26,160.79
2026-03-14 23:00,105.72,18.8,152.47
2026-03-15 00:00,105.72,18.53,156.7
2026-03-15 01:00,115.28,13.74,152.0
2026-03-15 02:00,106.21,8.26,140.71
2026-03-15 03:00,111.51,10.02,140.26
2026-03-15 04:00,102.53,6.69,140.08
2026-03-15 05:00,105.61,14.54,146.33
2026-03-15 06:00,106.08,17.98,150.34
2026-03-15 07:00,109.39,23.19,163.81
2026-03-15 08:00,98.33,23.92,151.43
2026-03-15 09:00,105.68,16.97,153.81
2026-03-15 10:00,86.2,4.74,127.4
2026-03-15 11:00,57.1,-10.08,113.9
2026-03-15 12:00,45.25,-7.43,107.67
2026-03-15 13:00,54.92,-15.11,110.26
2026-03-15 14:00,66.45,-10.69,110.47
2026-03-15 15:00,61.4,-15.25,124.83
2026-03-15 16:00,76.05,-5.75,127.05
2026-03-15 17:00,100.19,27.99,146.56
2026-03-15 18:00,146.58,55.49,185.04
2026-03-15 19:00,154.52,66.51,209.19
2026-03-15 20:00,140.0,62.93,198.11
2026-03-15 21:00,124.16,55.53,169.91
2026-03-15 22:00,121.83,53.5,166.86
2026-03-15 23:00,116.97,45.38,153.37
2026-03-16 00:00,111.34,44.48,163.88
2026-03-16 01:00,110.02,39.55,162.96
2026-03-16 02:00,101.0,38.56,147.32
2026-03-16 03:00,92.43,39.74,145.11
2026-03-16 04:00,94.71,40.02,143.59
2026-03-16 05:00,98.66,42.36,152.45
2026-03-16 06:00,122.71,49.23,203.97
2026-03-16 07:00,161.18,58.43,252.18
2026-03-16 08:00,169.2,45.23,271.17
2026-03-16 09:00,136.95,24.38,205.66
2026-03-16 10:00,122.61,16.24,179.57
2026-03-16 11:00,102.43,2.7,138.87
2026-03-16 12:00,89.72,-10.78,114.77
2026-03-16 13:00,75.43,-15.25,127.98
2026-03-16 14:00,77.25,-21.51,120.0
2026-03-16 15:00,76.97,-16.99,123.97
2026-03-16 16:00,81.34,-1.6,134.52
2026-03-16 17:00,131.41,53.87,229.56
2026-03-16 18:00,190.75,70.04,280.26
2026-03-16 19:00,194.99,72.04,268.65
2026-03-16 20:00,188.56,61.88,279.38
2026-03-16 21:00,137.19,54.4,206.98
2026-03-16 22:00,122.49,35.87,175.02
2026-03-16 23:00,108.87,29.24,162.02
2026-03-17 00:00,90.06,5.35,159.76
2026-03-17 01:00,96.33,3.8,147.7
2026-03-17 02:00,86.65,1.44,138.53
2026-03-17 03:00,73.53,-0.01,134.75
2026-03-17 04:00,82.21,1.29,140.2
2026-03-17 05:00,91.01,15.59,149.14
2026-03-17 06:00,101.04,16.84,169.37
2026-03-17 07:00,146.49,40.82,205.39
2026-03-17 08:00,141.37,32.73,205.8
2026-03-17 09:00,126.11,24.76,187.06
2026-03-17 10:00,101.77,5.54,144.82
2026-03-17 11:00,79.93,-1.73,134.32
2026-03-17 12:00,69.96,-13.2,115.56
2026-03-17 13:00,77.03,-9.35,124.09
2026-03-17 14:00,65.19,-15.81,116.68
2026-03-17 15:00,77.41,-14.67,131.04
2026-03-17 16:00,84.26,-8.27,139.86
2026-03-17 17:00,115.54,43.01,189.52
2026-03-17 18:00,186.15,82.61,269.72
2026-03-17 19:00,205.57,82.3,285.89
2026-03-17 20:00,183.92,82.56,260.34
2026-03-17 21:00,129.64,60.18,212.68
2026-03-17 22:00,133.79,55.61,178.19
2026-03-17 23:00,110.92,44.25,153.88
2026-03-18 00:00,98.84,30.41,139.69
2026-03-18 01:00,96.06,23.14,135.37
2026-03-18 02:00,84.62,19.38,123.78
2026-03-18 03:00,78.87,18.92,122.16
2026-03-18 04:00,82.97,18.33,132.57
2026-03-18 05:00,78.47,28.04,130.26
2026-03-18 06:00,119.7,37.65,171.11
2026-03-18 07:00,156.18,54.44,206.0
2026-03-18 08:00,154.02,51.73,210.84
2026-03-18 09:00,133.06,33.34,205.4
2026-03-18 10:00,115.89,21.69,165.58
2026-03-18 11:00,94.46,10.68,138.04
2026-03-18 12:00,82.18,7.81,132.85
2026-03-18 13:00,78.4,5.15,136.97
2026-03-18 14:00,75.26,5.34,130.41
2026-03-18 15:00,88.91,16.36,133.22
2026-03-18 16:00,99.3,29.34,158.5
2026-03-18 17:00,138.18,67.12,208.28
2026-03-18 18:00,180.03,88.54,242.79
2026-03-18 19:00,195.8,91.26,271.55
2026-03-18 20:00,177.45,80.66,248.22
2026-03-18 21:00,125.96,66.9,188.83
2026-03-18 22:00,118.8,60.2,170.16
2026-03-18 23:00,111.78,39.99,157.35
2026-03-19 00:00,104.16,27.56,146.21
2026-03-19 01:00,99.44,18.4,135.5
2026-03-19 02:00,87.58,15.64,122.96
2026-03-19 03:00,86.6,16.88,125.86
2026-03-19 04:00,85.45,17.59,133.88
2026-03-19 05:00,91.86,20.36,137.56
2026-03-19 06:00,112.15,38.49,177.91
2026-03-19 07:00,142.53,50.34,201.15
2026-03-19 08:00,151.26,34.59,199.12
2026-03-19 09:00,84.71,10.29,176.45
2026-03-19 10:00,38.3,-11.54,139.13
2026-03-19 11:00,31.48,-35.15,105.17
2026-03-19 12:00,18.24,-41.85,95.67
2026-03-19 13:00,8.46,-47.32,90.01
2026-03-19 14:00,8.59,-51.76,88.8
2026-03-19 15:00,16.18,-31.04,104.13
2026-03-19 16:00,52.02,-27.18,123.04
2026-03-19 17:00,86.5,27.97,176.33
2026-03-19 18:00,170.07,63.13,232.02
2026-03-19 19:00,168.72,66.77,246.07
2026-03-19 20:00,163.8,62.82,220.93
2026-03-19 21:00,130.24,47.73,188.94
2026-03-19 22:00,123.41,49.45,168.29
2026-03-19 23:00,120.34,39.86,156.96
2026-03-20 00:00,105.11,23.78,135.82
2026-03-20 01:00,102.5,24.43,130.9
2026-03-20 02:00,98.75,22.56,129.84
2026-03-20 03:00,101.71,20.72,129.6
2026-03-20 04:00,105.98,29.71,136.36
2026-03-20 05:00,105.94,35.51,146.03
2026-03-20 06:00,148.75,41.51,205.12
2026-03-20 07:00,173.19,34.07,219.22
2026-03-20 08:00,159.75,20.57,202.74
2026-03-20 09:00,119.92,1.51,167.75
2026-03-20 10:00,89.66,-6.46,129.34
2026-03-20 11:00,47.89,-29.29,98.28
2026-03-20 12:00,26.02,-42.13,88.89
2026-03-20 13:00,17.31,-38.38,80.24
2026-03-20 14:00,23.61,-31.19,90.34
2026-03-20 15:00,53.24,-24.65,103.03
2026-03-20 16:00,80.22,-14.96,119.54
2026-03-20 17:00,114.26,39.54,192.71
2026-03-20 18:00,165.87,78.45,257.84
2026-03-20 19:00,196.43,78.8,308.92
2026-03-20 20:00,173.56,75.08,260.46
2026-03-20 21:00,130.7,66.97,194.07
2026-03-20 22:00,127.68,62.53,191.38
2026-03-20 23:00,120.19,52.03,183.72
2026-03-21 00:00,111.24,36.68,158.8
2026-03-21 01:00,109.72,34.25,154.59
2026-03-21 02:00,102.79,22.88,144.6
2026-03-21 03:00,99.57,11.54,138.22
2026-03-21 04:00,102.75,14.78,146.27
2026-03-21 05:00,110.45,20.42,160.45
2026-03-21 06:00,121.05,30.56,171.43
2026-03-21 07:00,146.29,43.22,197.68
2026-03-21 08:00,126.05,25.65,194.09
2026-03-21 09:00,118.13,14.05,222.54
2026-03-21 10:00,79.02,-11.37,175.8
2026-03-21 11:00,58.27,-19.06,120.15
2026-03-21 12:00,25.49,-25.96,105.53
2026-03-21 13:00,22.35,-33.44,109.85
2026-03-21 14:00,30.3,-40.89,112.75
2026-03-21 15:00,53.1,-23.54,127.11
2026-03-21 16:00,82.9,8.46,141.34
2026-03-21 17:00,104.62,37.18,168.36
2026-03-21 18:00,166.63,63.48,188.81
2026-03-21 19:00,169.23,63.81,237.58
2026-03-21 20:00,148.31,65.82,182.59
2026-03-21 21:00,126.39,44.01,181.29
2026-03-21 22:00,126.3,37.68,176.33
2026-03-21 23:00,118.6,38.87,163.29
2026-03-22 00:00,112.72,28.68,163.33
2026-03-22 01:00,105.81,25.54,164.56
2026-03-22 02:00,102.28,25.21,161.34
2026-03-22 03:00,92.57,21.06,143.29
2026-03-22 04:00,92.98,21.85,145.11
2026-03-22 05:00,94.27,23.79,145.22
2026-03-22 06:00,101.87,26.56,159.31
2026-03-22 07:00,103.62,24.85,163.79
2026-03-22 08:00,101.2,19.69,169.11
2026-03-22 09:00,80.93,6.26,139.65
2026-03-22 10:00,79.15,-2.66,131.05
2026-03-22 11:00,54.02,-12.49,117.77
2026-03-22 12:00,32.16,-22.24,104.62
2026-03-22 13:00,15.48,-30.29,102.32
2026-03-22 14:00,20.48,-35.94,102.34
2026-03-22 15:00,43.92,-34.15,116.56
2026-03-22 16:00,70.61,-3.69,131.85
2026-03-22 17:00,101.29,14.06,153.94
2026-03-22 18:00,129.41,32.07,183.16
2026-03-22 19:00,136.62,41.19,204.28
2026-03-22 20:00,128.73,34.4,182.75
2026-03-22 21:00,118.87,29.05,167.03
2026-03-22 22:00,114.29,22.39,161.1
2026-03-22 23:00,104.58,18.1,160.49
2026-03-23 00:00,88.09,6.36,155.07
2026-03-23 01:00,81.57,12.45,147.28
2026-03-23 02:00,75.35,16.74,149.96
2026-03-23 03:00,75.42,5.49,144.22
2026-03-23 04:00,77.8,4.98,145.99
2026-03-23 05:00,84.24,5.64,159.88
2026-03-23 06:00,93.67,23.34,186.47
2026-03-23 07:00,149.2,31.87,212.99
2026-03-23 08:00,121.7,18.99,211.36
2026-03-23 09:00,105.21,0.27,173.45
2026-03-23 10:00,91.7,-2.41,135.17
2026-03-23 11:00,59.76,-14.47,119.23
2026-03-23 12:00,52.5,-19.75,107.98
2026-03-23 13:00,45.51,-16.78,106.91
2026-03-23 14:00,49.75,-23.3,109.74
2026-03-23 15:00,54.36,-24.64,108.28
2026-03-23 16:00,85.51,-13.35,124.67
2026-03-23 17:00,130.57,26.4,211.22
2026-03-23 18:00,213.69,56.1,281.78
2026-03-23 19:00,207.82,65.67,325.55
2026-03-23 20:00,212.74,67.1,300.33
2026-03-23 21:00,156.22,52.66,213.25
2026-03-23 22:00,155.66,52.97,215.26
2026-03-23 23:00,140.27,45.33,198.21
2026-03-24 00:00,116.84,44.41,153.7
2026-03-24 01:00,119.51,37.09,183.41
2026-03-24 02:00,104.68,28.7,142.93
2026-03-24 03:00,101.94,30.32,143.54
2026-03-24 04:00,95.0,30.51,151.42
2026-03-24 05:00,103.92,37.43,158.45
2026-03-24 06:00,133.25,45.57,225.7
2026-03-24 07:00,160.48,67.52,237.56
2026-03-24 08:00,145.29,40.21,220.48
2026-03-24 09:00,114.1,17.8,216.88
2026-03-24 10:00,82.22,-3.83,170.65
2026-03-24 11:00,40.3,-26.27,120.27
2026-03-24 12:00,28.33,-41.06,108.36
2026-03-24 13:00,32.93,-23.62,117.57
2026-03-24 14:00,54.62,-20.41,128.27
2026-03-24 15:00,65.88,-6.72,133.22
2026-03-24 16:00,80.39,5.36,153.91
2026-03-24 17:00,128.3,69.74,198.45
2026-03-24 18:00,322.38,96.69,369.9
2026-03-24 19:00,323.37,84.62,378.11
2026-03-24 20:00,283.79,100.38,347.01
2026-03-24 21:00,189.75,83.43,228.22
2026-03-24 22:00,146.79,59.98,193.91
2026-03-24 23:00,118.06,46.95,183.2
2026-03-25 00:00,91.7,1.71,168.28
2026-03-25 01:00,91.67,-2.98,149.6
2026-03-25 02:00,85.23,-5.41,146.7
2026-03-25 03:00,79.92,-7.29,133.9
2026-03-25 04:00,82.29,-15.2,135.13
2026-03-25 05:00,84.42,-7.6,141.86
2026-03-25 06:00,92.17,9.43,175.21
2026-03-25 07:00,104.79,29.9,182.33
2026-03-25 08:00,99.24,25.36,187.62
2026-03-25 09:00,84.71,12.76,166.67
2026-03-25 10:00,51.07,-14.8,132.43
2026-03-25 11:00,21.15,-22.37,100.36
2026-03-25 12:00,22.16,-27.55,95.04
2026-03-25 13:00,7.76,-38.08,81.69
2026-03-25 14:00,7.85,-31.47,90.36
2026-03-25 15:00,16.31,-22.58,102.88
2026-03-25 16:00,26.38,-17.06,112.51
2026-03-25 17:00,67.01,15.68,168.82
2026-03-25 18:00,120.51,42.77,248.34
2026-03-25 19:00,126.16,42.84,247.47
2026-03-25 20:00,131.42,32.84,227.19
2026-03-25 21:00,95.77,19.17,166.73
2026-03-25 22:00,94.31,8.8,149.84
2026-03-25 23:00,74.6,-4.31,129.79
2026-03-26 00:00,74.62,-6.44,129.42
2026-03-26 01:00,72.36,-10.57,128.13
2026-03-26 02:00,66.17,-27.27,122.16
2026-03-26 03:00,61.5,-29.45,116.82
2026-03-26 04:00,65.5,-27.45,116.13
2026-03-26 05:00,67.26,-29.37,116.65
2026-03-26 06:00,88.5,-7.18,143.76
2026-03-26 07:00,97.29,1.59,176.05
2026-03-26 08:00,107.09,-4.69,166.04
2026-03-26 09:00,89.6,-19.78,147.51
2026-03-26 10:00,75.16,-19.97,117.95
2026-03-26 11:00,56.5,-30.42,106.59
2026-03-26 12:00,57.0,-27.35,108.12
2026-03-26 13:00,50.4,-33.89,103.35
2026-03-26 14:00,58.36,-17.01,105.79
2026-03-26 15:00,62.83,-16.22,110.1
2026-03-26 16:00,83.78,-6.07,114.66
2026-03-26 17:00,111.29,13.12,158.27
2026-03-26 18:00,153.47,51.8,221.35
2026-03-26 19:00,165.69,57.82,250.8
2026-03-26 20:00,159.14,53.63,221.56
2026-03-26 21:00,141.77,38.99,204.38
2026-03-26 22:00,129.73,29.33,173.42
2026-03-26 23:00,132.87,16.98,153.7
2026-03-27 00:00,121.36,21.18,153.66
2026-03-27 01:00,111.49,15.06,145.76
2026-03-27 02:00,112.45,18.96,154.41
2026-03-27 03:00,103.72,13.62,146.71
2026-03-27 04:00,100.33,15.21,144.33
2026-03-27 05:00,104.15,4.44,152.06
2026-03-27 06:00,134.22,23.7,216.83
2026-03-27 07:00,130.07,22.69,232.68
2026-03-27 08:00,123.69,26.49,195.74
2026-03-27 09:00,136.55,6.65,193.07
2026-03-27 10:00,108.09,0.62,152.44
2026-03-27 11:00,77.01,-16.15,124.25
2026-03-27 12:00,50.08,-19.2,110.14
2026-03-27 13:00,36.14,-24.42,109.36
2026-03-27 14:00,31.48,-30.11,113.39
2026-03-27 15:00,34.68,-39.73,114.21
2026-03-27 16:00,72.38,-19.15,130.14
2026-03-27 17:00,99.2,3.09,158.01
2026-03-27 18:00,153.65,45.91,249.53
2026-03-27 19:00,170.27,56.11,241.97
2026-03-27 20:00,175.28,54.83,237.44
2026-03-27 21:00,151.61,50.84,203.28
2026-03-27 22:00,149.52,50.0,198.02
2026-03-27 23:00,138.3,41.25,190.56
2026-03-28 00:00,120.23,23.96,163.68
2026-03-28 01:00,111.63,22.72,154.31
2026-03-28 02:00,110.45,27.66,158.13
2026-03-28 03:00,104.11,24.46,147.48
2026-03-28 04:00,103.61,28.68,150.19
2026-03-28 05:00,102.19,19.87,150.88
2026-03-28 06:00,117.43,32.2,171.58
2026-03-28 07:00,157.52,33.06,185.82
2026-03-28 08:00,125.08,25.25,169.33
2026-03-28 09:00,102.62,4.82,159.06
2026-03-28 10:00,74.2,-11.51,137.48
2026-03-28 11:00,58.24,-11.18,117.01
2026-03-28 12:00,38.35,-16.31,110.45
2026-03-28 13:00,30.92,-19.97,106.24
2026-03-28 14:00,29.59,-29.2,106.17
2026-03-28 15:00,43.93,-22.75,119.97
2026-03-28 16:00,77.52,-22.34,127.67
2026-03-28 17:00,102.13,18.84,157.34
2026-03-28 18:00,137.07,57.89,195.23
2026-03-28 19:00,165.19,73.53,201.0
2026-03-28 20:00,140.15,61.4,184.74
2026-03-28 21:00,126.32,36.9,167.43
2026-03-28 22:00,124.27,33.49,165.79
2026-03-28 23:00,112.0,23.99,158.56
2026-03-29 00:00,99.95,11.05,134.84
2026-03-29 01:00,97.05,9.04,131.9
2026-03-29 03:00,95.95,2.43,132.72
2026-03-29 04:00,91.97,3.07,127.81
2026-03-29 05:00,86.98,-0.88,128.23
2026-03-29 06:00,89.44,3.81,136.89
2026-03-29 07:00,92.65,6.31,139.02
2026-03-29 08:00,94.27,9.84,166.89
2026-03-29 09:00,59.76,-17.67,135.99
2026-03-29 10:00,40.45,-22.22,108.36
2026-03-29 11:00,27.81,-33.45,91.18
2026-03-29 12:00,21.2,-38.23,84.46
2026-03-29 13:00,12.02,-53.51,81.45
2026-03-29 14:00,13.29,-56.21,85.24
2026-03-29 15:00,11.03,-60.62,86.45
2026-03-29 16:00,18.87,-53.05,99.94
2026-03-29 17:00,42.9,-32.39,110.06
2026-03-29 18:00,81.65,7.49,136.45
2026-03-29 19:00,133.54,56.24,198.88
2026-03-29 20:00,145.4,61.38,193.01
2026-03-29 21:00,135.06,61.88,204.16
2026-03-29 22:00,129.87,58.1,198.39
2026-03-29 23:00,121.37,53.29,169.67
2026-03-30 00:00,100.35,40.44,167.12
2026-03-30 01:00,93.91,42.59,163.8
2026-03-30 02:00,89.8,41.6,152.76
2026-03-30 03:00,71.74,30.62,135.92
2026-03-30 04:00,77.06,36.64,139.61
2026-03-30 05:00,90.27,28.88,139.64
2026-03-30 06:00,97.24,33.06,154.7
2026-03-30 07:00,133.09,33.53,189.45
2026-03-30 08:00,138.5,38.86,202.47
2026-03-30 09:00,140.23,18.06,186.82
2026-03-30 10:00,119.41,8.58,149.09
2026-03-30 11:00,85.95,-0.31,121.12
2026-03-30 12:00,59.02,-17.1,96.67
2026-03-30 13:00,50.32,-17.59,97.74
2026-03-30 14:00,44.16,-23.36,104.95
2026-03-30 15:00,59.86,-20.68,108.44
2026-03-30 16:00,48.38,-21.09,109.1
2026-03-30 17:00,68.88,-17.76,117.82
2026-03-30 18:00,107.7,22.35,148.87
2026-03-30 19:00,152.02,60.45,214.46
2026-03-30 20:00,175.81,59.97,258.78
2026-03-30 21:00,170.25,59.23,230.08
2026-03-30 22:00,142.23,46.36,200.25
2026-03-30 23:00,114.38,26.58,178.05
2026-03-31 00:00,99.63,7.84,136.55
2026-03-31 01:00,89.31,6.36,137.04
2026-03-31 02:00,86.62,5.28,128.51
2026-03-31 03:00,76.44,2.22,115.17
2026-03-31 04:00,68.56,-1.93,115.62
2026-03-31 05:00,66.92,-2.99,108.65
2026-03-31 06:00,65.97,-1.49,118.81
2026-03-31 07:00,93.92,14.57,150.91
2026-03-31 08:00,144.57,37.04,214.11
2026-03-31 09:00,123.71,28.82,197.33
2026-03-31 10:00,101.95,6.29,142.39
2026-03-31 11:00,70.75,-3.55,128.7
2026-03-31 12:00,40.74,-10.17,107.41
2026-03-31 13:00,28.33,-25.41,96.12
2026-03-31 14:00,28.23,-27.84,90.91
2026-03-31 15:00,19.51,-21.92,90.66
2026-03-31 16:00,38.44,-29.71,94.86
2026-03-31 17:00,61.34,-19.59,103.81
2026-03-31 18:00,99.75,15.35,163.35
2026-03-31 19:00,135.67,50.46,211.68
2026-03-31 20:00,171.38,71.22,242.47
2026-03-31 21:00,138.11,56.43,184.94
2026-03-31 22:00,120.26,45.28,169.97
2026-03-31 23:00,111.2,35.09,165.22
2026-04-01 00:00,97.71,-3.84,142.22
2026-04-01 01:00,93.29,5.17,130.49
2026-04-01 02:00,90.55,5.27,125.42
2026-04-01 03:00,86.51,3.55,121.12
2026-04-01 04:00,85.3,6.62,122.84
2026-04-01 05:00,82.55,6.92,122.1
2026-04-01 06:00,106.7,4.4,143.06
2026-04-01 07:00,131.52,20.39,221.83
2026-04-01 08:00,171.04,38.66,222.41
2026-04-01 09:00,155.33,35.0,220.19
2026-04-01 10:00,130.45,17.7,178.89
2026-04-01 11:00,104.85,2.67,156.63
2026-04-01 12:00,86.96,-2.67,157.76
2026-04-01 13:00,64.03,-13.2,127.53
2026-04-01 14:00,46.22,-12.86,107.67
2026-04-01 15:00,47.94,-16.91,108.75
2026-04-01 16:00,53.65,-16.77,122.23
2026-04-01 17:00,81.86,8.09,136.07
2026-04-01 18:00,96.81,46.01,164.98
2026-04-01 19:00,146.92,73.8,233.25
2026-04-01 20:00,168.23,86.19,262.31
2026-04-01 21:00,152.02,90.72,228.4
2026-04-01 22:00,130.39,82.1,216.76
2026-04-01 23:00,112.87,73.61,191.3
2026-04-02 00:00,131.31,66.74,179.42
2026-04-02 01:00,128.43,66.15,167.86
2026-04-02 02:00,111.69,64.06,142.82
2026-04-02 03:00,109.13,63.08,145.08
2026-04-02 04:00,105.45,75.02,138.9
2026-04-02 05:00,110.41,69.2,150.3
2026-04-02 06:00,109.22,66.05,218.21
2026-04-02 07:00,161.63,82.49,293.83
2026-04-02 08:00,177.32,87.73,291.6
2026-04-02 09:00,166.67,85.93,231.64
2026-04-02 10:00,140.72,30.72,203.45
2026-04-02 11:00,116.57,16.9,184.27
2026-04-02 12:00,82.05,-5.28,161.49
2026-04-02 13:00,63.67,-16.13,142.03
2026-04-02 14:00,42.44,-21.88,128.3
2026-04-02 15:00,39.92,-26.55,111.88
2026-04-02 16:00,47.05,-18.31,127.17
2026-04-02 17:00,67.42,-4.01,131.32
2026-04-02 18:00,106.38,60.84,174.08
2026-04-02 19:00,179.19,81.59,255.43
2026-04-02 20:00,176.09,91.69,257.8
2026-04-02 21:00,155.67,89.46,211.4
2026-04-02 22:00,140.02,84.4,192.57
2026-04-02 23:00,131.96,78.1,187.58
2026-04-03 00:00,133.36,49.97,184.98
2026-04-03 01:00,123.24,38.49,165.69
2026-04-03 02:00,107.58,33.75,159.3
2026-04-03 03:00,102.84,30.63,156.85
2026-04-03 04:00,102.37,33.64,162.26
2026-04-03 05:00,101.39,37.75,162.55
2026-04-03 06:00,119.45,43.82,174.41
2026-04-03 07:00,151.62,59.55,201.34
2026-04-03 08:00,168.27,65.4,194.09
2026-04-03 09:00,148.22,40.26,201.73
2026-04-03 10:00,113.21,7.19,178.61
2026-04-03 11:00,75.48,-7.99,148.15
2026-04-03 12:00,63.54,-15.02,140.05
2026-04-03 13:00,41.92,-26.19,117.23
2026-04-03 14:00,34.51,-31.0,100.87
2026-04-03 15:00,33.65,-32.94,101.84
2026-04-03 16:00,39.3,-25.06,116.49
2026-04-03 17:00,62.51,-13.36,125.53
2026-04-03 18:00,87.68,14.08,179.77
2026-04-03 19:00,142.4,44.0,213.84
2026-04-03 20:00,156.57,61.16,241.6
2026-04-03 21:00,141.19,61.49,208.75
2026-04-03 22:00,131.64,57.82,191.31
2026-04-03 23:00,117.87,41.86,188.77
2026-04-04 00:00,117.15,34.96,183.18
2026-04-04 01:00,105.33,25.92,155.78
2026-04-04 02:00,99.85,21.93,150.3
2026-04-04 03:00,97.97,20.6,143.38
2026-04-04 04:00,93.86,19.56,146.34
2026-04-04 05:00,89.13,24.84,144.16
2026-04-04 06:00,91.39,10.17,149.44
2026-04-04 07:00,89.78,7.96,172.03
2026-04-04 08:00,90.44,2.56,159.71
2026-04-04 09:00,72.02,-2.75,169.22
2026-04-04 10:00,41.85,-1.23,145.39
2026-04-04 11:00,18.76,-23.76,97.12
2026-04-04 12:00,-5.3,-30.86,87.0
2026-04-04 13:00,-23.65,-46.51,81.22
2026-04-04 14:00,-27.29,-55.49,78.47
2026-04-04 15:00,-38.34,-61.25,73.11
2026-04-04 16:00,-6.02,-50.2,83.99
2026-04-04 17:00,27.06,-39.43,100.0
2026-04-04 18:00,76.14,-14.07,140.88
2026-04-04 19:00,107.71,-2.87,176.35
2026-04-04 20:00,136.15,34.98,227.99
2026-04-04 21:00,130.21,37.37,224.22
2026-04-04 22:00,109.6,24.46,166.59
2026-04-04 23:00,96.52,21.26,149.7
2026-04-05 00:00,63.99,-14.82,127.26
2026-04-05 01:00,68.53,-8.63,129.05
2026-04-05 02:00,60.62,-16.49,121.77
2026-04-05 03:00,43.26,-8.86,113.09
2026-04-05 04:00,53.98,-6.66,124.78
2026-04-05 05:00,39.75,-9.28,116.86
2026-04-05 06:00,64.64,-7.38,127.07
2026-04-05 07:00,50.47,-12.37,131.39
2026-04-05 08:00,80.92,-9.31,150.8
2026-04-05 09:00,56.54,-8.29,150.5
2026-04-05 10:00,60.39,-21.54,126.05
2026-04-05 11:00,29.17,-23.62,103.24
2026-04-05 12:00,5.23,-33.35,86.91
2026-04-05 13:00,-8.05,-45.03,82.08
2026-04-05 14:00,-16.36,-59.4,81.3
2026-04-05 15:00,-15.49,-57.66,88.33
2026-04-05 16:00,-13.89,-71.14,84.17
2026-04-05 17:00,15.4,-58.62,93.11
2026-04-05 18:00,51.71,-43.25,126.91
2026-04-05 19:00,94.0,-6.2,152.96
2026-04-05 20:00,99.22,3.4,178.31
2026-04-05 21:00,92.41,4.2,158.61
2026-04-05 22:00,105.77,12.9,149.38
2026-04-05 23:00,80.92,-5.57,125.5
2026-04-06 00:00,52.53,-9.8,102.5
2026-04-06 01:00,43.86,-7.84,100.96
2026-04-06 02:00,37.08,-15.93,101.05
2026-04-06 03:00,29.95,-12.77,100.56
2026-04-06 04:00,36.31,-9.14,101.62
2026-04-06 05:00,45.98,-9.08,105.55
2026-04-06 06:00,66.36,-7.6,134.59
2026-04-06 07:00,92.5,-1.41,138.09
2026-04-06 08:00,116.99,16.78,176.2
2026-04-06 09:00,116.39,7.9,185.13
2026-04-06 10:00,79.91,-12.19,125.88
2026-04-06 11:00,64.47,-15.89,121.0
2026-04-06 12:00,54.71,-13.66,109.62
2026-04-06 13:00,44.54,-20.09,105.75
2026-04-06 14:00,36.37,-26.96,104.53
2026-04-06 15:00,26.72,-32.16,101.14
2026-04-06 16:00,42.98,-25.63,100.07
2026-04-06 17:00,64.29,-20.46,107.48
2026-04-06 18:00,82.27,-14.44,149.32
2026-04-06 19:00,142.89,17.56,243.17
2026-04-06 20:00,157.33,35.11,251.67
2026-04-06 21:00,132.99,38.38,193.6
2026-04-06 22:00,115.66,24.69,172.67
2026-04-06 23:00,94.25,7.61,151.27
2026-04-07 00:00,52.82,-4.99,119.1
2026-04-07 01:00,53.71,1.44,120.55
2026-04-07 02:00,37.45,-7.23,111.46
2026-04-07 03:00,41.47,-3.75,120.92
2026-04-07 04:00,53.74,-4.46,125.01
2026-04-07 05:00,59.95,-4.88,124.98
2026-04-07 06:00,71.01,-5.98,143.71
2026-04-07 07:00,110.36,3.2,171.11
2026-04-07 08:00,98.31,13.49,190.46
2026-04-07 09:00,48.84,-19.31,161.35
2026-04-07 10:00,37.75,-19.63,148.37
2026-04-07 11:00,9.24,-65.04,110.5
2026-04-07 12:00,-8.22,-80.68,97.22
2026-04-07 13:00,-23.55,-87.34,89.73
2026-04-07 14:00,-28.6,-54.85,91.69
2026-04-07 15:00,-44.24,-91.24,87.74
2026-04-07 16:00,-41.31,-78.13,89.62
2026-04-07 17:00,9.43,-42.87,102.84
2026-04-07 18:00,67.21,-4.78,154.58
2026-04-07 19:00,123.82,32.05,221.24
2026-04-07 20:00,136.9,54.69,257.52
2026-04-07 21:00,118.41,58.0,224.95
2026-04-07 22:00,102.98,56.82,187.82
2026-04-07 23:00,90.02,40.8,171.26
2026-04-08 00:00,128.39,34.43,176.09
2026-04-08 01:00,108.54,33.48,195.21
2026-04-08 02:00,102.91,25.24,158.18
2026-04-08 03:00,91.62,26.97,148.69
2026-04-08 04:00,79.05,30.82,146.12
2026-04-08 05:00,86.34,28.73,149.24
2026-04-08 06:00,105.68,29.35,183.57
2026-04-08 07:00,135.0,44.12,257.07
2026-04-08 08:00,152.71,42.04,256.32
2026-04-08 09:00,150.08,16.5,243.25
2026-04-08 10:00,101.89,10.48,176.02
2026-04-08 11:00,40.75,-42.68,131.85
2026-04-08 12:00,17.79,-42.06,118.5
2026-04-08 13:00,-2.99,-60.01,100.08
2026-04-08 14:00,-13.16,-59.81,85.83
2026-04-08 15:00,-0.2,-33.33,81.69
2026-04-08 16:00,1.21,-33.63,90.34
2026-04-08 17:00,34.69,-31.87,104.31
2026-04-08 18:00,74.53,-1.64,154.16
2026-04-08 19:00,132.41,66.28,245.14
2026-04-08 20:00,207.7,83.92,322.54
2026-04-08 21:00,141.38,90.74,253.67
2026-04-08 22:00,125.27,87.32,206.56
2026-04-08 23:00,110.67,74.85,171.04
2026-04-09 00:00,95.48,46.19,150.11
2026-04-09 01:00,89.71,44.46,146.54
2026-04-09 02:00,91.01,40.28,138.28
2026-04-09 03:00,83.56,36.32,140.12
2026-04-09 04:00,87.46,37.41,137.14
2026-04-09 05:00,94.89,34.49,143.42
2026-04-09 06:00,109.14,55.24,177.97
2026-04-09 07:00,153.38,70.48,255.7
2026-04-09 08:00,162.38,63.89,262.36
2026-04-09 09:00,134.57,37.45,231.17
2026-04-09 10:00,79.04,-4.95,157.75
2026-04-09 11:00,45.61,-27.27,103.42
2026-04-09 12:00,11.87,-33.75,96.06
2026-04-09 13:00,1.2,-32.11,82.81
2026-04-09 14:00,3.58,-46.71,75.85
2026-04-09 15:00,3.69,-39.95,78.76
2026-04-09 16:00,-5.08,-42.52,85.35
2026-04-09 17:00,37.13,-33.76,111.98
2026-04-09 18:00,86.75,21.85,157.41
2026-04-09 19:00,138.95,47.87,220.25
2026-04-09 20:00,163.13,74.68,267.2
2026-04-09 21:00,140.13,72.89,197.6
2026-04-09 22:00,125.17,60.47,164.45
2026-04-09 23:00,113.68,55.53,161.2
2026-04-10 00:00,114.26,55.55,156.48
2026-04-10 01:00,110.29,51.78,147.82
2026-04-10 02:00,109.23,49.25,145.66
2026-04-10 03:00,102.88,50.25,145.45
2026-04-10 04:00,99.27,53.26,144.06
2026-04-10 05:00,99.43,51.58,146.24
2026-04-10 06:00,97.88,44.43,155.94
2026-04-10 07:00,136.01,53.63,181.31
2026-04-10 08:00,147.42,41.97,212.64
2026-04-10 09:00,110.5,25.84,192.75
2026-04-10 10:00,72.45,-0.74,142.37
2026-04-10 11:00,37.86,-23.41,82.66
2026-04-10 12:00,18.77,-29.08,76.48
2026-04-10 13:00,0.42,-36.82,70.74
2026-04-10 14:00,-5.79,-33.18,68.29
2026-04-10 15:00,-2.73,-33.15,71.64
2026-04-10 16:00,5.79,-29.49,85.41
2026-04-10 17:00,39.3,-28.51,100.01
2026-04-10 18:00,80.97,6.24,134.99
2026-04-10 19:00,120.42,42.01,192.71
2026-04-10 20:00,143.97,54.64,215.08
2026-04-10 21:00,133.51,73.16,168.19
2026-04-10 22:00,125.06,70.94,154.15
2026-04-10 23:00,117.13,60.93,141.92
2026-04-11 00:00,140.17,27.99,145.36
2026-04-11 01:00,138.41,21.9,135.16
2026-04-11 02:00,137.99,22.82,138.81
2026-04-11 03:00,137.32,23.79,135.39
2026-04-11 04:00,138.72,23.93,135.02
2026-04-11 05:00,135.31,26.44,135.41
2026-04-11 06:00,133.48,21.43,133.89
2026-04-11 07:00,141.71,27.87,175.69
2026-04-11 08:00,152.67,32.56,199.3
2026-04-11 09:00,146.58,33.74,193.51
2026-04-11 10:00,129.26,16.31,154.14
2026-04-11 11:00,120.16,6.2,139.24
2026-04-11 12:00,90.53,-1.14,124.71
2026-04-11 13:00,88.73,-4.35,119.91
2026-04-11 14:00,63.73,-11.66,113.11
2026-04-11 15:00,70.55,-30.41,106.47
2026-04-11 16:00,76.89,-12.41,108.61
2026-04-11 17:00,92.59,5.75,121.93
2026-04-11 18:00,105.83,30.94,143.52
2026-04-11 19:00,135.79,72.99,211.37
2026-04-11 20:00,139.68,78.72,197.02
2026-04-11 21:00,134.45,75.68,213.65
2026-04-11 22:00,128.22,52.52,176.35
2026-04-11 23:00,116.28,41.98,167.54
2026-04-12 00:00,86.78,21.58,177.94
2026-04-12 01:00,83.35,12.09,143.76
2026-04-12 02:00,89.99,12.69,142.7
2026-04-12 03:00,91.17,5.33,138.0
2026-04-12 04:00,90.89,10.79,143.13
2026-04-12 05:00,103.98,7.0,139.06
2026-04-12 06:00,101.66,4.29,136.1
2026-04-12 07:00,118.53,-1.66,154.56
2026-04-12 08:00,108.54,-7.15,142.93
2026-04-12 09:00,57.58,-26.96,114.01
2026-04-12 10:00,35.77,-41.38,89.78
2026-04-12 11:00,8.68,-46.74,85.27
2026-04-12 12:00,-25.24,-72.99,73.16
2026-04-12 13:00,-36.93,-76.16,66.13
2026-04-12 14:00,-46.67,-86.48,66.21
2026-04-12 15:00,-36.58,-83.75,67.22
2026-04-12 16:00,-24.7,-76.41,74.15
2026-04-12 17:00,5.06,-74.68,107.59
2026-04-12 18:00,55.83,-42.21,118.93
2026-04-12 19:00,119.91,5.91,166.21
2026-04-12 20:00,123.6,21.42,168.01
2026-04-12 21:00,112.71,25.1,171.3
2026-04-12 22:00,117.23,26.55,161.81
2026-04-12 23:00,90.33,21.18,145.85
2026-04-13 00:00,108.37,19.67,160.67
2026-04-13 01:00,101.29,16.75,144.4
2026-04-13 02:00,91.85,9.9,142.05
2026-04-13 03:00,105.57,15.62,141.95
2026-04-13 04:00,97.78,9.72,138.66
2026-04-13 05:00,96.0,8.61,135.89
2026-04-13 06:00,100.38,-0.59,149.09
2026-04-13 07:00,126.76,4.16,153.11
2026-04-13 08:00,106.77,-3.51,160.36
2026-04-13 09:00,79.04,-13.38,139.84
2026-04-13 10:00,56.03,-14.31,131.38
2026-04-13 11:00,39.74,-39.92,112.38
2026-04-13 12:00,32.1,-40.07,98.74
2026-04-13 13:00,13.07,-47.22,98.25
2026-04-13 14:00,7.31,-37.44,96.99
2026-04-13 15:00,5.82,-54.41,98.46
2026-04-13 16:00,17.21,-47.48,103.77
2026-04-13 17:00,19.91,-61.33,126.7
2026-04-13 18:00,81.83,-12.32,159.54
2026-04-13 19:00,124.11,28.64,208.52
2026-04-13 20:00,146.61,64.36,229.42
2026-04-13 21:00,117.65,65.42,189.24
2026-04-13 22:00,118.44,39.45,174.86
2026-04-13 23:00,111.72,53.92,164.94
2026-04-14 00:00,109.88,45.44,146.21
2026-04-14 01:00,106.33,48.53,142.37
2026-04-14 02:00,98.16,42.1,141.85
2026-04-14 03:00,100.28,42.96,133.85
2026-04-14 04:00,95.24,39.35,128.33
2026-04-14 05:00,101.15,38.36,132.26
2026-04-14 06:00,124.29,56.84,171.99
2026-04-14 07:00,139.98,73.52,203.61
2026-04-14 08:00,140.11,61.74,236.78
2026-04-14 09:00,130.1,49.33,214.2
2026-04-14 10:00,128.21,24.85,196.64
2026-04-14 11:00,86.65,15.5,155.97
2026-04-14 12:00,82.12,11.01,147.52
2026-04-14 13:00,64.96,-5.55,128.47
2026-04-14 14:00,52.86,-9.66,115.89
2026-04-14 15:00,58.39,-14.05,112.96
2026-04-14 16:00,66.6,-6.22,125.61
2026-04-14 17:00,75.79,-33.27,128.21
2026-04-14 18:00,106.39,30.52,182.06
2026-04-14 19:00,171.91,75.08,262.22
2026-04-14 20:00,179.08,91.85,256.21
2026-04-14 21:00,146.19,90.8,210.92
2026-04-14 22:00,133.03,74.55,173.12
2026-04-14 23:00,119.56,71.96,164.87
2026-04-15 00:00,106.26,47.28,158.52
2026-04-15 01:00,105.5,45.28,145.85
2026-04-15 02:00,101.88,40.27,144.22
2026-04-15 03:00,101.32,39.75,141.18
2026-04-15 04:00,100.09,42.89,140.63
2026-04-15 05:00,106.42,45.46,149.85
2026-04-15 06:00,121.96,58.22,190.62
2026-04-15 07:00,167.2,75.44,235.62
2026-04-15 08:00,192.06,65.68,223.38
2026-04-15 09:00,157.52,55.86,219.46
2026-04-15 10:00,135.24,27.7,187.34
2026-04-15 11:00,110.31,14.53,162.62
2026-04-15 12:00,105.8,8.25,143.92
2026-04-15 13:00,77.16,-6.31,115.7
2026-04-15 14:00,66.07,-23.35,115.91
2026-04-15 15:00,76.08,-22.07,123.53
2026-04-15 16:00,73.13,-1.81,131.88
2026-04-15 17:00,81.24,1.9,138.95
2026-04-15 18:00,96.02,47.63,185.73
2026-04-15 19:00,156.27,76.02,239.55
2026-04-15 20:00,178.58,90.78,283.83
2026-04-15 21:00,146.63,73.46,207.9
2026-04-15 22:00,137.64,69.16,190.3
2026-04-15 23:00,121.55,62.12,176.88
2026-04-16 00:00,119.32,54.48,164.08
2026-04-16 01:00,116.51,54.75,159.48
2026-04-16 02:00,110.88,52.57,147.66
2026-04-16 03:00,110.65,51.78,144.63
2026-04-16 04:00,109.51,52.16,146.38
2026-04-16 05:00,115.49,55.68,150.69
2026-04-16 06:00,128.93,52.64,180.79
2026-04-16 07:00,142.78,68.03,201.29
2026-04-16 08:00,150.04,72.6,210.47
2026-04-16 09:00,133.83,34.59,200.44
2026-04-16 10:00,106.53,8.91,170.47
2026-04-16 11:00,64.0,-7.61,143.56
2026-04-16 12:00,41.5,-13.95,115.0
2026-04-16 13:00,22.53,-33.34,88.87
2026-04-16 14:00,34.15,-29.29,96.5
2026-04-16 15:00,43.71,-19.1,109.44
2026-04-16 16:00,65.43,-15.47,126.01
2026-04-16 17:00,75.51,5.88,136.0
2026-04-16 18:00,93.57,32.7,166.61
2026-04-16 19:00,149.81,62.53,241.07
2026-04-16 20:00,144.63,73.96,235.38
2026-04-16 21:00,130.06,67.44,201.2
2026-04-16 22:00,134.8,51.46,192.46
2026-04-16 23:00,125.75,35.58,176.88
2026-04-17 00:00,104.49,30.59,160.47
2026-04-17 01:00,98.09,22.72,151.48
2026-04-17 02:00,97.04,20.48,140.27
2026-04-17 03:00,96.09,21.08,138.72
2026-04-17 04:00,95.24,19.37,134.65
2026-04-17 05:00,95.28,26.04,138.62
2026-04-17 06:00,115.9,29.18,168.5
2026-04-17 07:00,136.72,38.91,195.61
2026-04-17 08:00,143.29,41.45,209.28
2026-04-17 09:00,130.11,29.99,192.5
2026-04-17 10:00,110.68,8.9,174.6
2026-04-17 11:00,86.52,-3.45,152.65
2026-04-17 12:00,44.44,-17.06,128.24
2026-04-17 13:00,44.18,-20.89,116.8
2026-04-17 14:00,26.69,-32.47,110.98
2026-04-17 15:00,28.09,-31.48,113.87
2026-04-17 16:00,36.83,-33.43,122.75
2026-04-17 17:00,74.0,-7.03,148.04
2026-04-17 18:00,86.86,22.87,164.48
2026-04-17 19:00,152.82,59.9,236.24
2026-04-17 20:00,176.38,67.7,256.1
2026-04-17 21:00,140.15,66.75,197.26
2026-04-17 22:00,120.78,59.18,187.1
2026-04-17 23:00,107.96,36.88,164.39
2026-04-18 00:00,104.26,31.58,157.57
2026-04-18 01:00,100.34,26.28,146.14
2026-04-18 02:00,99.77,22.34,140.35
2026-04-18 03:00,98.04,15.91,137.09
2026-04-18 04:00,95.8,12.46,138.57
2026-04-18 05:00,97.59,3.76,134.0
2026-04-18 06:00,104.08,23.01,152.15
2026-04-18 07:00,115.17,29.53,164.72
2026-04-18 08:00,106.09,6.38,170.03
2026-04-18 09:00,93.42,-10.0,157.41
2026-04-18 10:00,73.65,-9.9,145.08
2026-04-18 11:00,29.9,-29.13,109.79
2026-04-18 12:00,-6.2,-45.72,75.08
2026-04-18 13:00,-25.59,-79.06,70.14
2026-04-18 14:00,-25.64,-74.08,78.28
2026-04-18 15:00,-15.01,-52.66,83.87
2026-04-18 16:00,-13.02,-57.0,88.91
2026-04-18 17:00,22.08,-56.74,106.0
2026-04-18 18:00,59.77,-41.95,136.7
2026-04-18 19:00,111.57,-28.38,172.43
2026-04-18 20:00,116.91,-16.63,172.95
2026-04-18 21:00,111.03,-15.7,168.47
2026-04-18 22:00,101.11,-12.16,170.2
2026-04-18 23:00,89.15,-24.76,154.18
2026-04-19 00:00,85.66,-22.12,146.88
2026-04-19 01:00,86.44,-21.21,139.03
2026-04-19 02:00,88.47,31.82,131.44
2026-04-19 03:00,91.53,29.42,128.87
2026-04-19 04:00,89.07,29.96,129.11
2026-04-19 05:00,92.3,25.54,129.51
2026-04-19 06:00,90.63,27.27,136.59
2026-04-19 07:00,92.59,13.46,156.3
2026-04-19 08:00,81.73,0.91,138.39
2026-04-19 09:00,75.07,-8.9,125.27
2026-04-19 10:00,42.74,-11.65,114.18
2026-04-19 11:00,12.41,-21.34,88.2
2026-04-19 12:00,-2.71,-31.34,78.01
2026-04-19 13:00,-11.94,-33.58,79.11
2026-04-19 14:00,-23.63,-70.3,81.8
2026-04-19 15:00,-11.25,-64.97,87.41
2026-04-19 16:00,23.75,-46.98,101.3
2026-04-19 17:00,49.72,-16.72,112.17
2026-04-19 18:00,84.23,15.23,140.01
2026-04-19 19:00,116.03,42.76,163.08
2026-04-19 20:00,130.68,54.15,175.4
2026-04-19 21:00,129.28,50.67,169.84
2026-04-19 22:00,129.21,51.21,159.42
2026-04-19 23:00,121.04,50.61,154.56
2026-04-20 00:00,114.93,62.4,160.18
2026-04-20 01:00,102.11,57.05,144.56
2026-04-20 02:00,87.9,51.69,137.41
2026-04-20 03:00,94.12,56.06,135.6
2026-04-20 04:00,91.29,53.06,134.9
2026-04-20 05:00,85.95,50.37,141.51
2026-04-20 06:00,111.81,47.64,192.32
2026-04-20 07:00,134.67,45.58,196.1
2026-04-20 08:00,153.8,40.71,203.25
2026-04-20 09:00,127.23,25.97,180.94
2026-04-20 10:00,125.46,24.04,184.84
2026-04-20 11:00,82.31,0.58,150.79
2026-04-20 12:00,69.17,-2.98,138.51
2026-04-20 13:00,63.62,-2.97,124.32
2026-04-20 14:00,27.38,-24.56,111.63
2026-04-20 15:00,27.69,-26.3,109.6
2026-04-20 16:00,52.64,-23.18,119.15
2026-04-20 17:00,58.71,-1.04,138.85
2026-04-20 18:00,83.03,32.32,170.66
2026-04-20 19:00,136.81,48.18,233.73
2026-04-20 20:00,157.86,52.97,262.58
2026-04-20 21:00,143.77,65.2,198.13
2026-04-20 22:00,128.51,67.83,176.24
2026-04-20 23:00,125.03,56.87,162.89
2026-04-21 00:00,109.2,41.25,150.28
2026-04-21 01:00,101.73,42.54,141.11
2026-04-21 02:00,102.21,42.48,134.39
2026-04-21 03:00,102.65,40.97,135.43
2026-04-21 04:00,99.53,41.11,136.44
2026-04-21 05:00,97.23,45.47,146.3
2026-04-21 06:00,125.7,39.59,179.56
2026-04-21 07:00,147.28,52.77,215.28
2026-04-21 08:00,158.0,54.15,214.53
2026-04-21 09:00,127.39,33.85,198.08
2026-04-21 10:00,86.73,18.1,165.03
2026-04-21 11:00,70.87,6.72,149.89
2026-04-21 12:00,35.68,-5.28,132.15
2026-04-21 13:00,35.08,-9.96,113.1
2026-04-21 14:00,16.79,-19.09,114.0
2026-04-21 15:00,25.02,-22.17,120.82
2026-04-21 16:00,32.68,-19.91,124.11
2026-04-21 17:00,65.91,-5.83,142.82
2026-04-21 18:00,80.52,19.88,152.97
2026-04-21 19:00,126.28,50.19,202.1
2026-04-21 20:00,130.78,52.91,221.21
2026-04-21 21:00,129.99,65.87,187.26
2026-04-21 22:00,118.87,54.34,179.9
2026-04-21 23:00,101.75,48.41,162.15
2026-04-22 00:00,98.63,43.84,150.06
2026-04-22 01:00,90.24,39.33,137.82
2026-04-22 02:00,87.49,33.21,136.93
2026-04-22 03:00,85.98,32.38,137.1
2026-04-22 04:00,90.13,33.73,139.64
2026-04-22 05:00,86.84,32.62,141.92
2026-04-22 06:00,109.39,40.31,180.8
2026-04-22 07:00,141.29,53.0,215.86
2026-04-22 08:00,151.47,51.52,214.32
2026-04-22 09:00,125.59,16.9,187.89
2026-04-22 10:00,86.85,-0.13,156.99
2026-04-22 11:00,36.8,-14.84,120.29
2026-04-22 12:00,26.92,-20.24,104.89
2026-04-22 13:00,5.25,-30.65,94.41
2026-04-22 14:00,2.54,-36.66,92.6
2026-04-22 15:00,-2.73,-38.65,91.52
2026-04-22 16:00,-5.67,-33.69,90.71
2026-04-22 17:00,24.99,-28.83,131.22
2026-04-22 18:00,63.68,-4.33,142.4
2026-04-22 19:00,122.18,34.44,221.1
2026-04-22 20:00,127.59,44.83,244.74
2026-04-22 21:00,117.75,52.77,195.29
2026-04-22 22:00,98.94,36.88,168.25
2026-04-22 23:00,93.77,46.75,158.67
2026-04-23 00:00,75.35,24.73,145.19
2026-04-23 01:00,74.92,25.42,138.0
2026-04-23 02:00,72.48,30.2,133.38
2026-04-23 03:00,71.24,23.67,124.79
2026-04-23 04:00,69.95,24.94,127.84
2026-04-23 05:00,89.03,30.99,133.55
2026-04-23 06:00,102.57,31.88,178.51
2026-04-23 07:00,125.41,43.27,199.22
2026-04-23 08:00,133.2,45.27,212.21
2026-04-23 09:00,109.86,22.91,182.32
2026-04-23 10:00,52.62,-25.87,124.29
2026-04-23 11:00,30.86,-26.77,106.03
2026-04-23 12:00,15.72,-33.91,95.24
2026-04-23 13:00,4.62,-41.44,86.9
2026-04-23 14:00,-0.64,-48.53,78.84
2026-04-23 15:00,-0.06,-47.87,88.53
2026-04-23 16:00,4.12,-42.98,90.37
2026-04-23 17:00,4.28,-31.02,107.23
2026-04-23 18:00,61.65,-15.5,131.13
2026-04-23 19:00,111.73,43.71,183.7
2026-04-23 20:00,152.98,69.05,237.19
2026-04-23 21:00,139.68,71.72,185.6
2026-04-23 22:00,113.79,53.36,168.9
2026-04-23 23:00,116.04,49.11,158.66
2026-04-24 00:00,93.02,22.45,145.22
2026-04-24 01:00,82.44,19.07,135.12
2026-04-24 02:00,83.21,17.59,135.64
2026-04-24 03:00,84.2,17.67,134.1
2026-04-24 04:00,85.71,17.95,135.55
2026-04-24 05:00,92.51,24.45,139.63
2026-04-24 06:00,104.62,31.33,186.88
2026-04-24 07:00,126.01,39.84,191.48
2026-04-24 08:00,138.07,31.29,200.66
2026-04-24 09:00,94.23,11.99,175.65
2026-04-24 10:00,42.64,-19.26,124.75
2026-04-24 11:00,16.57,-29.38,107.2
2026-04-24 12:00,-5.13,-56.33,82.98
2026-04-24 13:00,-18.37,-64.46,79.36
2026-04-24 14:00,-14.99,-69.4,80.39
2026-04-24 15:00,-7.04,-68.93,82.21
2026-04-24 16:00,-5.71,-60.72,84.64
2026-04-24 17:00,3.94,-41.06,92.4
2026-04-24 18:00,69.05,-17.46,114.66
2026-04-24 19:00,130.0,41.38,170.64
2026-04-24 20:00,154.83,68.4,243.41
2026-04-24 21:00,134.25,64.81,173.25
2026-04-24 22:00,123.72,51.85,165.45
2026-04-24 23:00,111.92,47.21,148.43
2026-04-25 00:00,95.46,32.91,143.23
2026-04-25 01:00,97.6,24.89,135.18
2026-04-25 02:00,93.75,24.78,134.76
2026-04-25 03:00,93.65,24.88,130.82
2026-04-25 04:00,95.72,25.72,129.74
2026-04-25 05:00,99.81,29.27,134.54
2026-04-25 06:00,101.77,26.92,154.63
2026-04-25 07:00,102.24,20.35,164.68
2026-04-25 08:00,92.12,4.41,156.55
2026-04-25 09:00,71.87,-10.24,144.95
2026-04-25 10:00,32.84,-25.61,108.94
2026-04-25 11:00,16.23,-31.51,82.57
2026-04-25 12:00,-6.42,-63.22,71.72
2026-04-25 13:00,-24.16,-68.68,68.36
2026-04-25 14:00,-25.79,-75.84,65.8
2026-04-25 15:00,-27.8,-80.16,65.77
2026-04-25 16:00,-16.61,-76.17,77.92
2026-04-25 17:00,5.06,-44.27,93.88
2026-04-25 18:00,57.03,-20.12,122.46
2026-04-25 19:00,88.57,16.12,152.74
2026-04-25 20:00,101.69,20.29,175.79
2026-04-25 21:00,109.57,34.44,164.99
2026-04-25 22:00,100.51,42.17,152.5
2026-04-25 23:00,93.59,43.42,141.82
2026-04-26 00:00,82.08,24.54,148.04
2026-04-26 01:00,78.62,16.72,140.59
2026-04-26 02:00,72.35,16.64,126.14
2026-04-26 03:00,72.62,20.71,129.58
2026-04-26 04:00,68.67,16.61,128.08
2026-04-26 05:00,76.62,13.59,128.18
2026-04-26 06:00,87.62,4.49,143.65
2026-04-26 07:00,84.59,-2.22,136.43
2026-04-26 08:00,50.6,-15.57,120.66
2026-04-26 09:00,35.78,-23.81,114.84
2026-04-26 10:00,3.77,-43.0,91.22
2026-04-26 11:00,-23.17,-80.87,73.19
2026-04-26 12:00,-49.17,-109.03,66.55
2026-04-26 13:00,-63.96,-135.63,63.07
2026-04-26 14:00,-65.93,-165.57,59.38
2026-04-26 15:00,-70.65,-156.91,58.99
2026-04-26 16:00,-66.84,-143.58,61.18
2026-04-26 17:00,-47.96,-78.44,79.34
2026-04-26 18:00,-16.81,-58.87,99.22
2026-04-26 19:00,74.2,-26.11,142.68
2026-04-26 20:00,106.12,0.6,163.64
2026-04-26 21:00,97.77,31.37,157.16
2026-04-26 22:00,89.68,19.62,149.44
2026-04-26 23:00,78.52,6.19,147.44
2026-04-27 00:00,113.75,27.93,149.35
2026-04-27 01:00,104.52,24.09,143.64
2026-04-27 02:00,103.39,33.84,142.1
2026-04-27 03:00,97.35,28.61,134.75
2026-04-27 04:00,97.1,26.19,135.32
2026-04-27 05:00,111.35,31.8,139.83
2026-04-27 06:00,121.44,35.54,182.4
2026-04-27 07:00,155.66,26.61,195.8
2026-04-27 08:00,156.69,9.96,199.42
2026-04-27 09:00,106.52,-14.95,173.53
2026-04-27 10:00,66.22,-39.71,146.79
2026-04-27 11:00,38.53,-56.12,108.96
2026-04-27 12:00,11.97,-81.91,89.38
2026-04-27 13:00,-6.34,-86.11,85.15
2026-04-27 14:00,-30.11,-91.62,86.45
2026-04-27 15:00,-24.58,-107.06,90.05
2026-04-27 16:00,-7.94,-64.99,93.2
2026-04-27 17:00,35.89,-41.23,112.39
2026-04-27 18:00,88.4,-6.01,145.32
2026-04-27 19:00,120.44,37.93,228.0
2026-04-27 20:00,162.22,57.89,270.19
2026-04-27 21:00,135.63,65.92,212.49
2026-04-27 22:00,125.17,58.4,173.74
2026-04-27 23:00,109.76,56.26,169.37
2026-04-28 00:00,112.97,53.23,148.3
2026-04-28 01:00,105.69,46.34,134.04
2026-04-28 02:00,103.78,49.65,132.24
2026-04-28 03:00,106.36,50.06,129.08
2026-04-28 04:00,107.01,51.76,133.98
2026-04-28 05:00,117.03,61.75,143.45
2026-04-28 06:00,134.55,65.39,219.32
2026-04-28 07:00,170.88,70.2,245.41
2026-04-28 08:00,157.7,34.74,210.81
2026-04-28 09:00,143.31,17.57,183.94
2026-04-28 10:00,72.55,5.67,150.37
2026-04-28 11:00,42.81,-24.44,99.86
2026-04-28 12:00,18.43,-32.85,82.23
2026-04-28 13:00,9.37,-36.84,68.96
2026-04-28 14:00,10.24,-31.5,68.54
2026-04-28 15:00,22.85,-27.98,75.66
2026-04-28 16:00,37.56,-22.19,88.72
2026-04-28 17:00,53.87,-26.75,125.56
2026-04-28 18:00,89.19,8.47,140.87
2026-04-28 19:00,122.9,54.26,204.92
2026-04-28 20:00,168.9,68.51,302.25
2026-04-28 21:00,142.83,77.31,259.5
2026-04-28 22:00,142.78,77.32,197.27
2026-04-28 23:00,136.27,69.74,194.76
2026-04-29 00:00,107.71,47.29,160.52
2026-04-29 01:00,102.31,43.01,144.98
2026-04-29 02:00,103.3,43.0,140.37
2026-04-29 03:00,99.32,40.86,133.4
2026-04-29 04:00,99.64,45.5,133.39
2026-04-29 05:00,108.33,44.55,148.63
2026-04-29 06:00,114.07,63.99,195.01
2026-04-29 07:00,150.11,65.52,205.95
2026-04-29 08:00,149.87,44.12,205.93
2026-04-29 09:00,120.83,28.91,190.54
2026-04-29 10:00,70.71,-9.54,110.9
2026-04-29 11:00,33.48,-34.29,87.16
2026-04-29 12:00,5.84,-49.72,69.02
2026-04-29 13:00,0.13,-42.26,65.04
2026-04-29 14:00,-5.52,-45.53,66.01
2026-04-29 15:00,0.12,-45.12,68.23
2026-04-29 16:00,11.59,-40.47,75.32
2026-04-29 17:00,36.67,-29.15,95.58
2026-04-29 18:00,83.14,-11.67,128.31
2026-04-29 19:00,123.87,31.99,186.73
2026-04-29 20:00,150.95,71.36,249.86
2026-04-29 21:00,138.67,71.11,190.71
2026-04-29 22:00,138.2,57.57,183.35
2026-04-29 23:00,135.54,53.66,176.43
2026-04-30 00:00,102.53,41.93,140.06
2026-04-30 01:00,99.25,40.19,129.53
2026-04-30 02:00,95.13,39.0,124.89
2026-04-30 03:00,94.24,40.44,121.96
2026-04-30 04:00,93.77,39.34,122.48
2026-04-30 05:00,95.49,34.1,135.34
2026-04-30 06:00,113.93,42.18,170.16
2026-04-30 07:00,121.08,45.06,182.79
2026-04-30 08:00,126.21,26.25,186.87
2026-04-30 09:00,109.86,13.16,166.25
2026-04-30 10:00,35.1,-19.27,95.79
2026-04-30 11:00,5.88,-45.78,78.25
2026-04-30 12:00,-10.42,-84.84,63.65
2026-04-30 13:00,-28.24,-89.44,58.86
2026-04-30 14:00,-25.29,-95.71,56.82
2026-04-30 15:00,-21.13,-70.33,62.88
2026-04-30 16:00,-17.26,-75.84,65.19
2026-04-30 17:00,0.74,-49.83,75.79
2026-04-30 18:00,65.63,-14.42,116.65
2026-04-30 19:00,104.65,25.32,163.97
2026-04-30 20:00,138.77,63.85,221.01
2026-04-30 21:00,134.49,74.59,194.24
2026-04-30 22:00,131.57,58.68,170.8
2026-04-30 23:00,121.27,54.42,163.72
2026-05-01 00:00,108.2,48.18,140.39
2026-05-01 01:00,106.59,38.61,132.46
2026-05-01 02:00,103.95,47.96,128.79
2026-05-01 03:00,102.4,40.52,129.31
2026-05-01 04:00,100.16,43.63,130.46
2026-05-01 05:00,101.32,53.15,142.26
2026-05-01 06:00,122.27,52.07,175.29
2026-05-01 07:00,144.46,56.49,220.14
2026-05-01 08:00,134.26,42.07,195.83
2026-05-01 09:00,103.32,9.7,154.1
2026-05-01 10:00,50.61,-17.17,99.25
2026-05-01 11:00,21.99,-21.06,81.18
2026-05-01 12:00,-12.09,-60.24,57.43
2026-05-01 13:00,-26.6,-62.2,55.62
2026-05-01 14:00,-38.09,-92.75,55.61
2026-05-01 15:00,-27.72,-48.93,53.52
2026-05-01 16:00,-10.72,-34.85,59.0
2026-05-01 17:00,11.02,-35.31,73.42
2026-05-01 18:00,64.49,-18.4,115.65
2026-05-01 19:00,112.81,29.59,168.78
2026-05-01 20:00,152.72,59.14,279.28
2026-05-01 21:00,134.13,72.62,207.97
2026-05-01 22:00,124.15,62.54,166.22
2026-05-01 23:00,112.6,58.33,153.56
2026-05-02 00:00,96.86,31.02,140.01
2026-05-02 01:00,93.89,23.43,134.53
2026-05-02 02:00,84.2,23.12,122.74
2026-05-02 03:00,76.63,18.81,117.61
2026-05-02 04:00,74.64,20.01,117.03
2026-05-02 05:00,77.3,1.02,123.92
2026-05-02 06:00,81.01,-4.67,133.49
2026-05-02 07:00,70.98,-14.96,151.01
2026-05-02 08:00,0.63,-51.49,118.45
2026-05-02 09:00,-37.18,-167.69,76.3
2026-05-02 10:00,-60.03,-221.21,66.7
2026-05-02 11:00,-112.81,-277.74,55.46
2026-05-02 12:00,-175.24,-382.19,37.33
2026-05-02 13:00,-183.23,-396.73,44.42
2026-05-02 14:00,-166.0,-371.18,39.81
2026-05-02 15:00,-105.71,-291.75,51.59
2026-05-02 16:00,-91.21,-240.64,52.62
2026-05-02 17:00,-47.91,-147.73,64.38
2026-05-02 18:00,15.89,-78.62,101.98
2026-05-02 19:00,72.17,-27.93,144.74
2026-05-02 20:00,126.3,21.46,248.41
2026-05-02 21:00,117.62,27.72,209.98
2026-05-02 22:00,111.33,27.4,174.79
2026-05-02 23:00,100.38,7.62,148.48
2026-05-03 00:00,116.32,16.51,170.87
2026-05-03 01:00,97.04,9.09,125.96
2026-05-03 02:00,89.79,6.29,118.81
2026-05-03 03:00,96.71,20.1,121.63
2026-05-03 04:00,92.5,23.03,119.21
2026-05-03 05:00,99.59,7.55,125.12
2026-05-03 06:00,96.91,9.55,128.95
2026-05-03 07:00,77.87,0.25,140.82
2026-05-03 08:00,46.24,-31.67,107.72
2026-05-03 09:00,30.34,-61.05,82.3
2026-05-03 10:00,-2.35,-85.63,80.17
2026-05-03 11:00,-46.13,-173.92,72.21
2026-05-03 12:00,-92.44,-226.62,51.26
2026-05-03 13:00,-85.46,-249.32,52.78
2026-05-03 14:00,-78.22,-210.81,50.62
2026-05-03 15:00,-80.42,-172.31,55.67
2026-05-03 16:00,-48.61,-105.39,56.3
2026-05-03 17:00,4.2,-66.53,81.96
2026-05-03 18:00,59.31,-34.5,124.55
2026-05-03 19:00,108.94,34.43,175.64
2026-05-03 20:00,158.23,57.96,233.17
2026-05-03 21:00,140.52,58.98,208.71
2026-05-03 22:00,120.74,63.71,198.5
2026-05-03 23:00,117.58,61.61,185.26
2026-05-04 00:00,107.41,63.56,154.88
2026-05-04 01:00,108.53,57.75,140.72
2026-05-04 02:00,102.78,51.95,136.28
2026-05-04 03:00,97.92,54.89,134.39
2026-05-04 04:00,98.56,56.89,134.22
2026-05-04 05:00,93.3,43.97,142.19
2026-05-04 06:00,131.53,43.12,174.06
2026-05-04 07:00,169.05,39.85,236.31
2026-05-04 08:00,157.07,7.17,227.19
2026-05-04 09:00,120.93,-19.22,170.25
2026-05-04 10:00,94.79,-40.01,131.67
2026-05-04 11:00,52.78,-38.85,106.89
2026-05-04 12:00,-1.86,-132.88,86.81
2026-05-04 13:00,1.27,-109.8,87.02
2026-05-04 14:00,-47.72,-155.98,70.59
2026-05-04 15:00,-8.94,-76.16,84.27
2026-05-04 16:00,27.34,-71.75,92.32
2026-05-04 17:00,65.91,-26.16,119.4
2026-05-04 18:00,90.24,22.81,158.13
2026-05-04 19:00,146.93,59.53,224.41
2026-05-04 20:00,198.83,82.19,312.55
2026-05-04 21:00,165.12,76.23,245.54
2026-05-04 22:00,155.61,79.34,221.52
2026-05-04 23:00,147.5,81.93,178.62
2026-05-05 00:00,123.62,59.91,163.4
2026-05-05 01:00,118.52,53.81,152.66
2026-05-05 02:00,121.22,55.82,137.14
2026-05-05 03:00,115.4,51.46,131.43
2026-05-05 04:00,113.94,62.66,132.01
2026-05-05 05:00,121.65,44.1,143.39
2026-05-05 06:00,158.38,56.33,210.34
2026-05-05 07:00,154.61,46.45,212.99
2026-05-05 08:00,147.61,14.22,211.32
2026-05-05 09:00,69.94,-43.61,144.94
2026-05-05 10:00,89.61,-7.65,150.96
2026-05-05 11:00,69.32,-36.39,136.15
2026-05-05 12:00,32.49,-81.38,119.62
2026-05-05 13:00,23.04,-87.96,110.05
2026-05-05 14:00,20.36,-84.25,89.97
2026-05-05 15:00,52.2,-69.33,107.47
2026-05-05 16:00,36.92,-55.79,114.87
2026-05-05 17:00,102.4,-25.89,313.76
2026-05-05 18:00,112.08,16.83,173.37
2026-05-05 19:00,139.41,57.48,200.25
2026-05-05 20:00,191.09,73.61,375.17
2026-05-05 21:00,157.37,87.46,307.81
2026-05-05 22:00,148.8,74.1,231.43
2026-05-05 23:00,116.24,73.46,182.48
2026-05-06 00:00,112.03,59.64,170.47
2026-05-06 01:00,114.05,58.15,143.54
2026-05-06 02:00,106.44,58.13,140.96
2026-05-06 03:00,102.67,55.63,130.57
2026-05-06 04:00,99.04,54.77,132.42
2026-05-06 05:00,105.02,49.99,146.15
2026-05-06 06:00,127.1,59.09,206.92
2026-05-06 07:00,144.26,58.63,217.57
2026-05-06 08:00,139.69,44.28,205.98
2026-05-06 09:00,97.93,-4.12,188.45
2026-05-06 10:00,100.55,5.23,156.24
2026-05-06 11:00,86.39,-1.52,136.55
2026-05-06 12:00,91.14,-5.32,129.94
2026-05-06 13:00,75.89,-12.66,116.43
2026-05-06 14:00,65.76,-19.35,117.77
2026-05-06 15:00,66.22,-11.3,123.88
2026-05-06 16:00,69.6,-7.57,127.64
2026-05-06 17:00,90.23,12.69,170.04
2026-05-06 18:00,84.34,15.42,169.99
2026-05-06 19:00,131.51,45.07,215.23
2026-05-06 20:00,164.47,64.68,243.57
2026-05-06 21:00,130.16,81.63,201.08
2026-05-06 22:00,125.36,65.7,186.86
2026-05-06 23:00,104.46,59.78,155.4
2026-05-07 00:00,91.65,52.78,147.66
2026-05-07 01:00,96.93,54.03,140.58
2026-05-07 02:00,94.5,50.55,139.35
2026-05-07 03:00,91.04,49.2,132.99
2026-05-07 04:00,89.16,45.77,129.64
2026-05-07 05:00,106.47,31.91,154.57
2026-05-07 06:00,120.98,39.95,172.86
2026-05-07 07:00,153.08,48.53,208.12
2026-05-07 08:00,155.36,35.09,233.43
2026-05-07 09:00,128.3,1.74,173.36
2026-05-07 10:00,94.75,-9.56,151.43
2026-05-07 11:00,84.17,-14.35,132.36
2026-05-07 12:00,68.45,-6.71,114.49
2026-05-07 13:00,53.71,-27.71,110.47
2026-05-07 14:00,51.5,-39.67,113.4
2026-05-07 15:00,70.06,-8.08,120.32
2026-05-07 16:00,69.86,-8.03,122.7
2026-05-07 17:00,89.55,-2.75,136.17
2026-05-07 18:00,105.29,19.88,179.01
2026-05-07 19:00,141.41,46.93,208.41
2026-05-07 20:00,157.34,72.7,232.53
2026-05-07 21:00,136.4,76.02,184.72
2026-05-07 22:00,126.18,73.01,169.3
2026-05-07 23:00,109.75,71.19,149.85
2026-05-08 00:00,129.07,61.85,154.33
2026-05-08 01:00,122.26,59.81,140.35
2026-05-08 02:00,119.66,52.93,136.59
2026-05-08 03:00,114.18,46.83,135.13
2026-05-08 04:00,113.71,55.25,132.47
2026-05-08 05:00,104.8,31.7,137.71
2026-05-08 06:00,121.11,36.97,152.94
2026-05-08 07:00,131.16,24.72,162.19
2026-05-08 08:00,146.02,8.42,168.73
2026-05-08 09:00,130.88,-9.43,174.63
2026-05-08 10:00,113.68,-18.11,148.08
2026-05-08 11:00,80.89,-28.29,123.02
2026-05-08 12:00,83.35,-36.69,133.96
2026-05-08 13:00,72.42,-38.38,127.17
2026-05-08 14:00,65.71,-38.92,126.76
2026-05-08 15:00,69.07,-34.82,132.39
2026-05-08 16:00,72.64,-30.05,119.94
2026-05-08 17:00,90.87,-15.51,130.73
2026-05-08 18:00,99.18,5.59,154.41
2026-05-08 19:00,128.13,41.55,184.52
2026-05-08 20:00,158.57,74.87,233.4
2026-05-08 21:00,134.84,70.95,179.48
2026-05-08 22:00,132.15,73.32,170.64
2026-05-08 23:00,124.55,67.27,171.15
2026-05-09 00:00,121.56,60.78,156.41
2026-05-09 01:00,106.31,51.54,144.19
2026-05-09 02:00,99.81,33.69,138.49
2026-05-09 03:00,101.66,47.95,136.3
2026-05-09 04:00,105.75,48.84,140.9
2026-05-09 05:00,94.07,32.09,137.58
2026-05-09 06:00,103.98,27.83,158.08
2026-05-09 07:00,113.57,20.09,162.86
2026-05-09 08:00,101.38,-6.41,154.75
2026-05-09 09:00,81.01,-23.27,137.45
2026-05-09 10:00,75.82,-13.31,119.42
2026-05-09 11:00,7.2,-20.28,85.16
2026-05-09 12:00,-3.32,-17.66,78.12
2026-05-09 13:00,-8.7,-49.44,69.64
2026-05-09 14:00,-5.02,-33.33,88.77
2026-05-09 15:00,-4.9,-42.35,81.11
2026-05-09 16:00,20.24,-30.88,100.38
2026-05-09 17:00,40.36,-23.1,117.63
2026-05-09 18:00,66.45,-2.23,135.28
2026-05-09 19:00,95.37,16.58,155.04
2026-05-09 20:00,126.01,49.29,183.16
2026-05-09 21:00,120.98,51.7,180.64
2026-05-09 22:00,118.95,44.52,177.63
2026-05-09 23:00,101.82,47.3,156.68
2026-05-10 00:00,112.3,43.01,152.0
2026-05-10 01:00,108.37,37.26,144.44
2026-05-10 02:00,98.32,38.19,135.62
2026-05-10 03:00,94.27,46.0,135.95
2026-05-10 04:00,93.91,44.53,138.86
2026-05-10 05:00,100.74,28.38,137.88
2026-05-10 06:00,100.57,25.17,144.87
2026-05-10 07:00,96.97,14.16,146.61
2026-05-10 08:00,80.62,-2.87,150.83
2026-05-10 09:00,52.11,-7.45,133.58
2026-05-10 10:00,23.45,-26.12,80.79
2026-05-10 11:00,9.02,-39.63,77.1
2026-05-10 12:00,-2.74,-58.68,63.41
2026-05-10 13:00,-32.32,-65.72,52.99
2026-05-10 14:00,-37.05,-107.62,59.76
2026-05-10 15:00,-16.22,-76.03,66.24
2026-05-10 16:00,-10.17,-78.54,68.93
2026-05-10 17:00,7.12,-50.79,95.69
2026-05-10 18:00,79.77,-4.83,139.38
2026-05-10 19:00,104.0,20.35,153.05
2026-05-10 20:00,116.39,48.1,175.12
2026-05-10 21:00,131.28,60.11,176.46
2026-05-10 22:00,118.23,60.19,171.1
2026-05-10 23:00,116.62,55.44,149.17
2026-05-11 00:00,117.91,54.22,154.32
2026-05-11 01:00,116.66,53.64,148.87
2026-05-11 02:00,112.59,59.62,149.3
2026-05-11 03:00,120.56,59.68,152.33
2026-05-11 04:00,105.02,58.83,148.32
2026-05-11 05:00,111.39,40.88,170.0
2026-05-11 06:00,128.69,36.7,196.44
2026-05-11 07:00,155.47,38.92,225.24
2026-05-11 08:00,141.01,13.93,197.19
2026-05-11 09:00,100.04,-30.87,148.71
2026-05-11 10:00,74.67,-16.23,131.81
2026-05-11 11:00,52.31,-17.86,104.62
2026-05-11 12:00,26.65,-17.67,99.29
2026-05-11 13:00,1.41,-39.51,105.21
2026-05-11 14:00,1.97,-37.45,90.17
2026-05-11 15:00,18.39,-26.64,97.36
2026-05-11 16:00,22.43,-26.63,102.37
2026-05-11 17:00,96.78,-23.23,184.72
2026-05-11 18:00,106.8,13.87,167.29
2026-05-11 19:00,131.2,37.17,204.59
2026-05-11 20:00,183.98,69.1,289.33
2026-05-11 21:00,191.24,82.72,254.71
2026-05-11 22:00,161.86,80.01,205.15
2026-05-11 23:00,112.23,67.75,157.83
2026-05-12 00:00,112.24,74.62,160.32
2026-05-12 01:00,100.01,71.83,142.91
2026-05-12 02:00,99.99,68.13,138.58
2026-05-12 03:00,100.2,67.99,140.64
2026-05-12 04:00,103.1,64.39,136.19
2026-05-12 05:00,95.74,38.34,149.67
2026-05-12 06:00,136.33,49.58,214.99
2026-05-12 07:00,142.69,47.07,207.44
2026-05-12 08:00,139.79,43.17,198.77
2026-05-12 09:00,124.56,14.7,207.06
2026-05-12 10:00,93.66,3.09,162.5
2026-05-12 11:00,90.94,-6.83,156.24
2026-05-12 12:00,67.38,-4.92,129.27
2026-05-12 13:00,47.62,-33.79,115.15
2026-05-12 14:00,42.34,-25.77,106.22
2026-05-12 15:00,45.48,-23.14,131.56
2026-05-12 16:00,55.24,-15.58,139.98
2026-05-12 17:00,67.62,-7.46,142.86
2026-05-12 18:00,67.15,15.91,169.68
2026-05-12 19:00,111.57,31.3,219.1
2026-05-12 20:00,117.5,41.43,244.88
2026-05-12 21:00,109.31,52.08,172.49
2026-05-12 22:00,107.84,49.97,169.9
2026-05-12 23:00,100.73,48.28,151.73
2026-05-13 00:00,88.59,36.41,145.48
2026-05-13 01:00,83.24,39.67,136.97
2026-05-13 02:00,71.8,38.41,129.35
2026-05-13 03:00,72.43,37.28,125.81
2026-05-13 04:00,75.23,37.69,123.62
2026-05-13 05:00,85.63,10.47,135.48
2026-05-13 06:00,101.25,21.52,164.93
2026-05-13 07:00,115.9,29.9,185.29
2026-05-13 08:00,133.92,32.97,219.18
2026-05-13 09:00,100.0,15.54,175.64
2026-05-13 10:00,80.71,8.23,161.8
2026-05-13 11:00,56.86,-0.16,142.03
2026-05-13 12:00,38.49,-12.39,110.06
2026-05-13 13:00,20.82,-20.8,103.46
2026-05-13 14:00,16.03,-28.72,101.96
2026-05-13 15:00,21.09,-15.07,104.03
2026-05-13 16:00,22.73,-18.33,96.62
2026-05-13 17:00,50.53,-6.01,137.23
2026-05-13 18:00,83.15,22.62,168.97
2026-05-13 19:00,108.62,35.52,198.49
2026-05-13 20:00,134.91,45.95,231.26
2026-05-13 21:00,131.29,55.54,191.08
2026-05-13 22:00,124.87,60.05,189.82
2026-05-13 23:00,103.28,55.56,161.41
2026-05-14 00:00,103.19,42.68,148.34
2026-05-14 01:00,90.98,41.11,135.92
2026-05-14 02:00,86.0,34.39,132.41
2026-05-14 03:00,85.35,29.57,130.79
2026-05-14 04:00,83.56,29.74,132.72
2026-05-14 05:00,83.57,14.3,147.03
2026-05-14 06:00,108.51,40.6,168.55
2026-05-14 07:00,131.12,41.77,197.03
2026-05-14 08:00,138.66,38.7,221.67
2026-05-14 09:00,104.17,19.32,175.61
2026-05-14 10:00,81.16,4.46,147.1
2026-05-14 11:00,58.36,-4.96,140.23
2026-05-14 12:00,25.52,-6.42,119.29
2026-05-14 13:00,25.8,-13.31,112.0
2026-05-14 14:00,30.43,-21.69,111.45
2026-05-14 15:00,27.08,-21.67,115.92
2026-05-14 16:00,31.46,-16.77,131.5
2026-05-14 17:00,58.51,-5.57,136.36
2026-05-14 18:00,79.58,20.29,149.75
2026-05-14 19:00,110.19,49.48,197.46
2026-05-14 20:00,121.07,54.22,226.62
2026-05-14 21:00,128.4,65.74,203.78
2026-05-14 22:00,125.59,62.5,183.56
2026-05-14 23:00,108.44,49.3,163.64
2026-05-15 00:00,114.42,35.61,176.85
2026-05-15 01:00,112.77,35.59,146.93
2026-05-15 02:00,106.04,34.94,139.7
2026-05-15 03:00,101.76,32.58,137.23
2026-05-15 04:00,102.79,36.34,140.89
2026-05-15 05:00,99.56,12.01,154.0
2026-05-15 06:00,107.32,18.23,172.91
2026-05-15 07:00,114.5,29.39,175.15
2026-05-15 08:00,108.61,19.01,199.56
2026-05-15 09:00,93.23,4.29,174.36
2026-05-15 10:00,59.99,-16.24,108.46
2026-05-15 11:00,29.87,-18.11,91.21
2026-05-15 12:00,21.45,-20.88,81.84
2026-05-15 13:00,6.35,-28.63,81.84
2026-05-15 14:00,10.17,-33.49,82.62
2026-05-15 15:00,18.65,-34.16,88.35
2026-05-15 16:00,36.2,-45.0,101.63
2026-05-15 17:00,58.81,-31.65,128.56
2026-05-15 18:00,90.77,1.8,162.67
2026-05-15 19:00,112.81,31.7,198.4
2026-05-15 20:00,175.24,59.6,262.01
2026-05-15 21:00,149.93,64.47,201.18
2026-05-15 22:00,147.17,63.83,191.71
2026-05-15 23:00,123.27,60.25,175.58
2026-05-16 00:00,112.97,45.14,159.39
2026-05-16 01:00,108.21,46.46,153.98
2026-05-16 02:00,106.32,45.02,148.64
2026-05-16 03:00,106.85,46.77,143.93
2026-05-16 04:00,106.81,44.23,141.47
2026-05-16 05:00,98.12,27.34,151.9
2026-05-16 06:00,92.29,20.46,157.42
2026-05-16 07:00,114.62,10.7,169.58
2026-05-16 08:00,86.65,0.56,141.98
2026-05-16 09:00,72.17,-1.55,148.98
2026-05-16 10:00,28.05,-17.98,110.78
2026-05-16 11:00,12.52,-29.59,95.09
2026-05-16 12:00,-6.69,-29.59,82.5
2026-05-16 13:00,-17.78,-34.39,77.75
2026-05-16 14:00,-23.89,-49.94,75.13
2026-05-16 15:00,-13.34,-56.88,75.81
2026-05-16 16:00,-18.67,-68.62,87.61
2026-05-16 17:00,21.72,-29.82,109.41
2026-05-16 18:00,74.55,-11.61,135.56
2026-05-16 19:00,86.69,10.72,149.9
2026-05-16 20:00,109.27,15.11,167.05
2026-05-16 21:00,118.92,31.66,178.6
2026-05-16 22:00,122.03,28.79,176.48
2026-05-16 23:00,103.94,28.15,171.15
2026-05-17 00:00,115.43,31.19,173.56
2026-05-17 01:00,105.96,32.8,142.09
2026-05-17 02:00,101.54,30.86,140.44
2026-05-17 03:00,98.96,32.24,140.7
2026-05-17 04:00,87.55,27.45,136.47
2026-05-17 05:00,84.93,9.67,145.45
2026-05-17 06:00,76.55,3.28,148.64
2026-05-17 07:00,79.59,-1.57,143.62
2026-05-17 08:00,57.83,-9.84,124.84
2026-05-17 09:00,27.22,-29.37,101.56
2026-05-17 10:00,10.25,-32.6,80.07
2026-05-17 11:00,-4.6,-32.94,77.39
2026-05-17 12:00,-17.32,-55.8,71.43
2026-05-17 13:00,-24.45,-57.61,58.12
2026-05-17 14:00,-31.47,-80.86,64.33
2026-05-17 15:00,-32.0,-77.2,67.51
2026-05-17 16:00,-26.12,-77.13,73.44
2026-05-17 17:00,-10.62,-67.24,93.53
2026-05-17 18:00,43.25,-22.21,131.5
2026-05-17 19:00,90.21,9.87,151.34
2026-05-17 20:00,93.03,25.15,165.44
2026-05-17 21:00,102.79,29.84,173.74
2026-05-17 22:00,119.36,45.63,168.24
2026-05-17 23:00,104.86,42.85,145.12
2026-05-18 00:00,112.95,64.39,164.19
2026-05-18 01:00,117.66,61.89,157.71
2026-05-18 02:00,104.96,61.06,150.57
2026-05-18 03:00,105.57,65.81,148.16
2026-05-18 04:00,105.78,64.81,145.66
2026-05-18 05:00,100.98,36.41,174.84
2026-05-18 06:00,114.25,26.09,177.78
2026-05-18 07:00,146.74,36.74,204.41
2026-05-18 08:00,135.31,16.29,193.42
2026-05-18 09:00,92.76,-8.72,161.84
2026-05-18 10:00,81.73,-14.25,138.87
2026-05-18 11:00,74.39,-15.44,133.91
2026-05-18 12:00,57.36,-18.87,110.37
2026-05-18 13:00,29.5,-27.48,107.92
2026-05-18 14:00,17.94,-28.72,100.52
2026-05-18 15:00,33.87,-30.83,112.37
2026-05-18 16:00,52.89,-21.55,122.18
2026-05-18 17:00,88.27,-1.99,149.01
2026-05-18 18:00,123.2,15.87,183.46
2026-05-18 19:00,160.02,44.43,218.38
2026-05-18 20:00,202.85,66.58,259.8
2026-05-18 21:00,180.01,67.84,229.15
2026-05-18 22:00,190.82,78.99,227.61
2026-05-18 23:00,151.26,74.16,209.06
2026-05-19 00:00,135.46,59.49,160.1
2026-05-19 01:00,140.42,59.62,158.31
2026-05-19 02:00,133.5,60.75,150.35
2026-05-19 03:00,135.57,60.41,147.39
2026-05-19 04:00,127.89,61.4,142.68
2026-05-19 05:00,124.54,35.25,150.27
2026-05-19 06:00,157.36,42.21,215.94
2026-05-19 07:00,173.38,38.55,211.03
2026-05-19 08:00,157.4,25.81,198.89
2026-05-19 09:00,135.11,9.98,184.82
2026-05-19 10:00,111.19,3.62,156.04
2026-05-19 11:00,81.66,-2.36,121.8
2026-05-19 12:00,60.94,-10.2,121.34
2026-05-19 13:00,56.04,-8.97,119.7
2026-05-19 14:00,60.32,-12.05,117.93
2026-05-19 15:00,55.13,-11.36,121.53
2026-05-19 16:00,68.9,-7.74,128.38
2026-05-19 17:00,93.58,13.53,148.21
2026-05-19 18:00,104.94,30.2,158.09
2026-05-19 19:00,137.59,42.93,192.03
2026-05-19 20:00,184.83,55.1,282.86
2026-05-19 21:00,162.07,54.35,276.97
2026-05-19 22:00,156.38,63.33,216.76
2026-05-19 23:00,139.22,53.24,172.74
2026-05-20 00:00,132.07,65.74,170.25
2026-05-20 01:00,125.04,60.96,163.77
2026-05-20 02:00,121.07,60.95,158.64
2026-05-20 03:00,116.6,62.8,146.43
2026-05-20 04:00,117.69,62.57,146.39
2026-05-20 05:00,116.28,44.09,170.94
2026-05-20 06:00,127.29,52.3,195.5
2026-05-20 07:00,142.35,54.06,197.9
2026-05-20 08:00,140.67,36.4,194.17
2026-05-20 09:00,104.2,13.72,187.04
2026-05-20 10:00,70.64,2.48,140.38
2026-05-20 11:00,58.53,-0.68,121.94
2026-05-20 12:00,39.94,-5.87,110.47
2026-05-20 13:00,37.14,-7.61,102.2
2026-05-20 14:00,39.78,-14.26,102.8
2026-05-20 15:00,43.09,-14.4,110.19
2026-05-20 16:00,64.22,-8.83,119.78
2026-05-20 17:00,90.74,-0.92,145.73
2026-05-20 18:00,115.52,24.47,175.49
2026-05-20 19:00,133.74,52.07,206.98
2026-05-20 20:00,178.5,74.4,275.72
2026-05-20 21:00,159.78,69.18,251.04
2026-05-20 22:00,155.26,76.81,188.7
2026-05-20 23:00,141.84,66.53,175.52
2026-05-21 00:00,131.29,64.17,160.8
2026-05-21 01:00,118.07,60.56,151.62
2026-05-21 02:00,110.04,57.26,143.98
2026-05-21 03:00,109.28,56.01,142.93
2026-05-21 04:00,103.08,49.09,134.44
2026-05-21 05:00,97.4,26.08,149.81
2026-05-21 06:00,115.67,32.83,164.63
2026-05-21 07:00,121.65,30.52,186.99
2026-05-21 08:00,117.66,22.65,185.03
2026-05-21 09:00,91.33,8.71,151.63
2026-05-21 10:00,58.2,-8.09,130.17
2026-05-21 11:00,46.06,-10.05,114.0
2026-05-21 12:00,33.72,-10.94,104.61
2026-05-21 13:00,25.76,-17.74,100.12
2026-05-21 14:00,16.34,-35.64,91.66
2026-05-21 15:00,16.85,-26.63,92.28
2026-05-21 16:00,29.69,-29.3,104.75
2026-05-21 17:00,50.22,-24.71,122.72
2026-05-21 18:00,74.89,4.97,150.0
2026-05-21 19:00,112.24,31.36,186.27
2026-05-21 20:00,147.53,48.62,212.66
2026-05-21 21:00,145.72,62.09,208.62
2026-05-21 22:00,145.08,76.19,179.49
2026-05-21 23:00,133.78,67.35,173.61
2026-05-22 00:00,127.5,55.84,167.91
2026-05-22 01:00,124.41,55.69,165.44
2026-05-22 02:00,115.34,54.56,148.78
2026-05-22 03:00,112.97,46.88,140.4
2026-05-22 04:00,97.62,44.04,138.03
2026-05-22 05:00,105.41,24.17,157.82
2026-05-22 06:00,125.5,25.65,172.11
2026-05-22 07:00,127.33,23.61,178.02
2026-05-22 08:00,118.22,9.66,181.43
2026-05-22 09:00,109.47,4.71,175.95
2026-05-22 10:00,64.63,-10.01,125.77
2026-05-22 11:00,45.09,-21.06,107.63
2026-05-22 12:00,34.84,-25.16,87.57
2026-05-22 13:00,22.77,-29.62,83.59
2026-05-22 14:00,21.38,-40.3,86.08
2026-05-22 15:00,19.68,-39.78,87.56
2026-05-22 16:00,32.07,-42.35,103.4
2026-05-22 17:00,38.85,-26.37,120.1
2026-05-22 18:00,86.46,0.44,154.05
2026-05-22 19:00,114.79,17.33,193.08
2026-05-22 20:00,149.28,48.45,249.31
2026-05-22 21:00,152.5,59.24,205.62
2026-05-22 22:00,146.73,73.11,179.83
2026-05-22 23:00,138.99,72.49,175.41
2026-05-23 00:00,131.2,64.17,169.09
2026-05-23 01:00,130.72,60.89,166.64
2026-05-23 02:00,124.76,57.09,156.06
2026-05-23 03:00,120.99,56.83,143.94
2026-05-23 04:00,112.3,56.94,143.96
2026-05-23 05:00,109.05,29.31,153.03
2026-05-23 06:00,112.19,35.55,166.67
2026-05-23 07:00,109.86,26.61,167.52
2026-05-23 08:00,84.54,7.0,151.12
2026-05-23 09:00,54.08,-4.82,146.62
2026-05-23 10:00,37.03,-15.1,88.29
2026-05-23 11:00,7.88,-43.5,71.3
2026-05-23 12:00,-7.29,-54.83,58.88
2026-05-23 13:00,-26.87,-89.08,55.2
2026-05-23 14:00,-31.56,-91.23,53.15
2026-05-23 15:00,-20.74,-69.97,57.97
2026-05-23 16:00,2.8,-59.87,73.28
2026-05-23 17:00,16.54,-34.0,90.14
2026-05-23 18:00,78.02,-1.71,132.34
2026-05-23 19:00,106.06,27.3,151.34
2026-05-23 20:00,131.02,49.92,182.47
2026-05-23 21:00,128.34,57.5,184.9
2026-05-23 22:00,143.79,73.26,190.79
2026-05-23 23:00,134.45,71.17,176.34
2026-05-24 00:00,134.14,56.37,170.55
2026-05-24 01:00,126.98,54.52,159.74
2026-05-24 02:00,123.12,51.04,151.02
2026-05-24 03:00,119.45,49.11,148.27
2026-05-24 04:00,108.25,38.16,146.54
2026-05-24 05:00,109.02,22.95,151.9
2026-05-24 06:00,109.83,21.48,153.35
2026-05-24 07:00,87.98,-2.54,148.55
2026-05-24 08:00,57.8,-9.41,119.37
2026-05-24 09:00,21.07,-34.08,95.92
2026-05-24 10:00,7.5,-40.38,71.09
2026-05-24 11:00,-19.12,-76.66,56.32
2026-05-24 12:00,-54.68,-142.87,52.92
2026-05-24 13:00,-77.19,-173.92,57.75
2026-05-24 14:00,-84.6,-193.68,53.43
2026-05-24 15:00,-68.99,-136.66,59.11
2026-05-24 16:00,-29.17,-95.42,70.92
2026-05-24 17:00,4.68,-52.35,89.25
2026-05-24 18:00,82.67,-5.39,129.95
2026-05-24 19:00,91.5,26.46,150.27
2026-05-24 20:00,113.62,46.71,170.02
2026-05-24 21:00,139.48,65.61,205.03
2026-05-24 22:00,138.56,79.58,221.51
2026-05-24 23:00,117.6,74.15,178.35
2026-05-25 00:00,155.46,68.61,194.35
2026-05-25 01:00,126.4,69.77,159.23
2026-05-25 02:00,118.22,68.97,158.26
2026-05-25 03:00,125.79,68.62,160.48
2026-05-25 04:00,117.41,56.52,152.85
2026-05-25 05:00,112.87,39.43,169.59
2026-05-25 06:00,122.26,33.82,182.6
2026-05-25 07:00,165.67,39.57,236.62
2026-05-25 08:00,140.45,22.16,205.92
2026-05-25 09:00,117.58,-11.19,160.19
2026-05-25 10:00,96.58,-19.72,141.07
2026-05-25 11:00,86.91,-34.28,115.07
2026-05-25 12:00,42.3,-50.61,102.0
2026-05-25 13:00,17.32,-45.04,101.5
2026-05-25 14:00,1.17,-48.76,99.62
2026-05-25 15:00,1.13,-37.29,103.13
2026-05-25 16:00,57.05,-27.56,110.96
2026-05-25 17:00,63.0,-28.46,147.43
2026-05-25 18:00,105.72,-8.74,175.85
2026-05-25 19:00,171.68,39.96,255.69
2026-05-25 20:00,211.17,57.02,304.63
2026-05-25 21:00,191.51,65.67,281.95
2026-05-25 22:00,203.36,77.76,236.94
2026-05-25 23:00,168.45,84.33,223.96
2026-05-26 00:00,139.77,89.64,185.0
2026-05-26 01:00,128.46,81.12,154.93
2026-05-26 02:00,131.03,81.87,153.61
2026-05-26 03:00,132.39,85.03,151.12
2026-05-26 04:00,125.28,68.3,152.42
2026-05-26 05:00,121.43,55.0,160.77
2026-05-26 06:00,121.21,46.04,208.21
2026-05-26 07:00,132.05,28.2,230.7
2026-05-26 08:00,110.96,-7.52,205.51
2026-05-26 09:00,55.84,-53.64,155.0
2026-05-26 10:00,60.16,-70.37,121.43
2026-05-26 11:00,1.65,-91.55,105.77
2026-05-26 12:00,11.77,-96.64,84.39
2026-05-26 13:00,-25.51,-126.02,77.27
2026-05-26 14:00,-69.93,-160.97,77.32
2026-05-26 15:00,-13.88,-113.04,81.1
2026-05-26 16:00,10.08,-73.76,93.85
2026-05-26 17:00,19.27,-55.58,131.14
2026-05-26 18:00,69.56,-33.36,159.18
2026-05-26 19:00,115.8,50.96,204.49
2026-05-26 20:00,143.64,81.25,274.56
2026-05-26 21:00,142.3,81.23,259.2
2026-05-26 22:00,144.08,96.92,235.84
2026-05-26 23:00,114.66,95.28,204.98
2026-05-27 00:00,96.92,80.8,156.69
2026-05-27 01:00,94.54,82.56,146.29
2026-05-27 02:00,97.4,79.43,149.41
2026-05-27 03:00,95.0,78.25,147.68
2026-05-27 04:00,94.69,67.47,143.46
2026-05-27 05:00,99.01,47.95,151.98
2026-05-27 06:00,119.15,51.76,215.75
2026-05-27 07:00,132.55,40.28,228.03
2026-05-27 08:00,137.43,26.04,207.1
2026-05-27 09:00,103.08,2.52,175.25
2026-05-27 10:00,48.28,-31.58,116.29
2026-05-27 11:00,4.87,-41.0,100.41
2026-05-27 12:00,-14.95,-33.19,88.72
2026-05-27 13:00,-25.64,-37.66,82.09
2026-05-27 14:00,-30.74,-84.51,79.08
2026-05-27 15:00,-8.99,-36.22,80.47
2026-05-27 16:00,5.33,-33.22,85.38
2026-05-27 17:00,27.03,-23.13,108.38
2026-05-27 18:00,71.6,3.32,133.12
2026-05-27 19:00,103.73,47.43,175.1
2026-05-27 20:00,172.42,75.27,231.39
2026-05-27 21:00,170.14,86.58,262.76
2026-05-27 22:00,135.74,92.24,202.49
2026-05-27 23:00,113.31,90.57,165.82
2026-05-28 00:00,131.72,79.91,179.91
2026-05-28 01:00,116.93,76.79,155.96
2026-05-28 02:00,112.69,69.29,145.98
2026-05-28 03:00,114.46,67.9,145.25
2026-05-28 04:00,109.93,64.99,141.5
2026-05-28 05:00,108.48,51.07,148.45
2026-05-28 06:00,119.05,45.93,185.32
2026-05-28 07:00,117.89,32.63,192.51
2026-05-28 08:00,117.52,24.91,196.11
2026-05-28 09:00,74.48,7.65,156.62
2026-05-28 10:00,30.58,-43.79,100.83
2026-05-28 11:00,-19.86,-56.7,79.97
2026-05-28 12:00,-21.75,-56.63,77.21
2026-05-28 13:00,-49.45,-69.1,68.96
2026-05-28 14:00,-53.32,-84.49,69.74
2026-05-28 15:00,-21.93,-55.06,75.96
2026-05-28 16:00,-16.92,-49.01,75.61
2026-05-28 17:00,9.92,-35.78,91.76
2026-05-28 18:00,61.03,-5.05,133.84
2026-05-28 19:00,98.53,34.11,163.89
2026-05-28 20:00,150.38,85.67,229.23
2026-05-28 21:00,146.88,88.13,226.65
2026-05-28 22:00,132.27,92.11,193.29
2026-05-28 23:00,115.18,75.35,182.27
2026-05-29 00:00,154.12,76.39,177.44
2026-05-29 01:00,140.19,76.77,151.5
2026-05-29 02:00,133.54,76.01,151.95
2026-05-29 03:00,133.55,78.14,148.16
2026-05-29 04:00,131.54,77.66,146.17
2026-05-29 05:00,121.32,60.4,151.27
2026-05-29 06:00,130.8,50.88,181.94
2026-05-29 07:00,141.26,48.04,183.68
2026-05-29 08:00,121.92,26.98,187.55
2026-05-29 09:00,88.82,13.31,168.07
2026-05-29 10:00,43.36,-42.09,104.29
2026-05-29 11:00,4.59,-62.28,83.44
2026-05-29 12:00,-26.33,-74.71,73.26
2026-05-29 13:00,-7.05,-92.41,68.23
2026-05-29 14:00,-28.62,-133.96,67.22
2026-05-29 15:00,-4.89,-78.75,72.9
2026-05-29 16:00,13.83,-24.17,87.5
2026-05-29 17:00,49.88,-16.6,108.71
2026-05-29 18:00,77.48,6.03,149.67
2026-05-29 19:00,103.58,50.29,183.04
2026-05-29 20:00,149.79,82.9,265.13
2026-05-29 21:00,156.87,84.73,252.1
2026-05-29 22:00,143.74,95.49,216.0
2026-05-29 23:00,137.01,92.83,183.22
2026-05-30 00:00,143.2,94.88,164.8
2026-05-30 01:00,130.73,91.09,162.09
2026-05-30 02:00,132.38,87.94,148.26
2026-05-30 03:00,131.9,84.66,144.96
2026-05-30 04:00,126.97,78.96,144.14
2026-05-30 05:00,121.92,51.38,147.58
2026-05-30 06:00,124.36,41.53,168.88
2026-05-30 07:00,115.53,31.18,170.88
2026-05-30 08:00,90.66,11.44,142.72
2026-05-30 09:00,46.84,0.03,127.28
2026-05-30 10:00,27.85,-33.43,79.38
2026-05-30 11:00,11.68,-64.47,53.07
2026-05-30 12:00,-5.58,-95.42,48.01
2026-05-30 13:00,-13.26,-80.89,46.83
2026-05-30 14:00,-21.46,-82.32,41.29
2026-05-30 15:00,-8.02,-59.57,49.83
2026-05-30 16:00,3.74,-40.3,59.73
2026-05-30 17:00,21.48,-34.13,89.03
2026-05-30 18:00,82.06,2.77,122.18
2026-05-30 19:00,117.34,40.26,158.24
2026-05-30 20:00,152.52,65.33,192.97
2026-05-30 21:00,177.84,79.96,218.06
2026-05-30 22:00,186.99,91.03,217.67
2026-05-30 23:00,150.65,79.05,179.92
2026-05-31 00:00,145.69,81.28,175.09
2026-05-31 01:00,135.65,79.73,147.75
2026-05-31 02:00,131.09,73.25,144.77
2026-05-31 03:00,127.15,76.3,142.63
2026-05-31 04:00,124.85,64.98,140.75
2026-05-31 05:00,121.31,47.33,142.99
2026-05-31 06:00,119.46,42.25,147.89
2026-05-31 07:00,104.55,23.97,143.66
2026-05-31 08:00,82.15,8.39,132.72
2026-05-31 09:00,39.95,-6.21,95.96
2026-05-31 10:00,33.18,-21.98,71.83
2026-05-31 11:00,32.67,-21.23,55.27
2026-05-31 12:00,12.88,-35.47,49.54
2026-05-31 13:00,-1.39,-78.14,40.01
2026-05-31 14:00,-4.77,-71.24,40.3
2026-05-31 15:00,1.18,-47.12,49.57
2026-05-31 16:00,-15.24,-54.34,50.2
2026-05-31 17:00,-0.14,-45.7,79.15
2026-05-31 18:00,49.06,-13.33,114.97
2026-05-31 19:00,113.5,40.9,148.82
2026-05-31 20:00,140.56,81.8,173.83
2026-05-31 21:00,146.54,98.36,207.0
2026-05-31 22:00,152.54,108.32,171.05
2026-05-31 23:00,139.27,98.53,166.07
